Programa,Threads,Tama√±o Matriz,Tiempo,Iteracion
matrizFxC,1,64,580,1
matrizFxT,1,64,581,1
mmPosix,1,64,1116,1
matrizFxC,1,128,4165,1
matrizFxT,1,128,3792,1
mmPosix,1,128,5087,1
matrizFxC,1,256,32840,1
matrizFxT,1,256,32696,1
mmPosix,1,256,37883,1
matrizFxC,1,512,411316,1
matrizFxT,1,512,271765,1
mmPosix,1,512,419993,1
matrizFxC,1,1024,4813392,1
matrizFxT,1,1024,2224016,1
mmPosix,1,1024,5065989,1
matrizFxC,2,64,530,1
matrizFxT,2,64,394,1
mmPosix,2,64,1016,1
matrizFxC,2,128,2409,1
matrizFxT,2,128,2293,1
mmPosix,2,128,2884,1
matrizFxC,2,256,17701,1
matrizFxT,2,256,16938,1
mmPosix,2,256,19816,1
matrizFxC,2,512,199278,1
matrizFxT,2,512,138228,1
mmPosix,2,512,205190,1
matrizFxC,2,1024,2642337,1
matrizFxT,2,1024,1122985,1
mmPosix,2,1024,2567881,1
matrizFxC,4,64,536,1
matrizFxT,4,64,432,1
mmPosix,4,64,694,1
matrizFxC,4,128,1401,1
matrizFxT,4,128,1233,1
mmPosix,4,128,1872,1
matrizFxC,4,256,19568,1
matrizFxT,4,256,8989,1
mmPosix,4,256,10860,1
matrizFxC,4,512,108510,1
matrizFxT,4,512,70733,1
mmPosix,4,512,106053,1
matrizFxC,4,1024,1295606,1
matrizFxT,4,1024,577709,1
mmPosix,4,1024,1363624,1
matrizFxC,8,64,414,1
matrizFxT,8,64,425,1
mmPosix,8,64,798,1
matrizFxC,8,128,898,1
matrizFxT,8,128,852,1
mmPosix,8,128,1404,1
matrizFxC,8,256,4908,1
matrizFxT,8,256,4813,1
mmPosix,8,256,5555,1
matrizFxC,8,512,58509,1
matrizFxT,8,512,37741,1
mmPosix,8,512,54142,1
matrizFxC,8,1024,697126,1
matrizFxT,8,1024,302565,1
mmPosix,8,1024,674101,1
matrizFxC,16,64,479,1
matrizFxT,16,64,361,1
mmPosix,16,64,630,1
matrizFxC,16,128,679,1
matrizFxT,16,128,814,1
mmPosix,16,128,778,1
matrizFxC,16,256,2672,1
matrizFxT,16,256,3885,1
mmPosix,16,256,3158,1
matrizFxC,16,512,28759,1
matrizFxT,16,512,19507,1
mmPosix,16,512,28252,1
matrizFxC,16,1024,351219,1
matrizFxT,16,1024,160222,1
mmPosix,16,1024,361684,1
matrizFxC,32,64,655,1
matrizFxT,32,64,664,1
mmPosix,32,64,1041,1
matrizFxC,32,128,938,1
matrizFxT,32,128,853,1
mmPosix,32,128,1209,1
matrizFxC,32,256,2732,1
matrizFxT,32,256,2313,1
mmPosix,32,256,2945,1
matrizFxC,32,512,23649,1
matrizFxT,32,512,13839,1
mmPosix,32,512,24308,1
matrizFxC,32,1024,260673,1
matrizFxT,32,1024,103475,1
mmPosix,32,1024,261182,1
matrizFxC,1,64,566,2
matrizFxT,1,64,565,2
mmPosix,1,64,1178,2
matrizFxC,1,128,4210,2
matrizFxT,1,128,3779,2
mmPosix,1,128,5340,2
matrizFxC,1,256,32779,2
matrizFxT,1,256,33215,2
mmPosix,1,256,43675,2
matrizFxC,1,512,626501,2
matrizFxT,1,512,274939,2
mmPosix,1,512,485370,2
matrizFxC,1,1024,4974321,2
matrizFxT,1,1024,2232709,2
mmPosix,1,1024,5023523,2
matrizFxC,2,64,484,2
matrizFxT,2,64,549,2
mmPosix,2,64,1031,2
matrizFxC,2,128,2495,2
matrizFxT,2,128,2207,2
mmPosix,2,128,2961,2
matrizFxC,2,256,16868,2
matrizFxT,2,256,17318,2
mmPosix,2,256,19595,2
matrizFxC,2,512,222806,2
matrizFxT,2,512,137735,2
mmPosix,2,512,211174,2
matrizFxC,2,1024,2733532,2
matrizFxT,2,1024,1134583,2
mmPosix,2,1024,2528967,2
matrizFxC,4,64,584,2
matrizFxT,4,64,429,2
mmPosix,4,64,1433,2
matrizFxC,4,128,1399,2
matrizFxT,4,128,1404,2
mmPosix,4,128,1617,2
matrizFxC,4,256,9015,2
matrizFxT,4,256,9151,2
mmPosix,4,256,10743,2
matrizFxC,4,512,171823,2
matrizFxT,4,512,71475,2
mmPosix,4,512,104277,2
matrizFxC,4,1024,1313304,2
matrizFxT,4,1024,576392,2
mmPosix,4,1024,1395547,2
matrizFxC,8,64,384,2
matrizFxT,8,64,393,2
mmPosix,8,64,542,2
matrizFxC,8,128,858,2
matrizFxT,8,128,909,2
mmPosix,8,128,1450,2
matrizFxC,8,256,5149,2
matrizFxT,8,256,4883,2
mmPosix,8,256,5534,2
matrizFxC,8,512,53196,2
matrizFxT,8,512,37839,2
mmPosix,8,512,52227,2
matrizFxC,8,1024,696521,2
matrizFxT,8,1024,305367,2
mmPosix,8,1024,648677,2
matrizFxC,16,64,470,2
matrizFxT,16,64,473,2
mmPosix,16,64,589,2
matrizFxC,16,128,745,2
matrizFxT,16,128,638,2
mmPosix,16,128,739,2
matrizFxC,16,256,2775,2
matrizFxT,16,256,2650,2
mmPosix,16,256,3038,2
matrizFxC,16,512,38973,2
matrizFxT,16,512,19447,2
mmPosix,16,512,28470,2
matrizFxC,16,1024,350016,2
matrizFxT,16,1024,159553,2
mmPosix,16,1024,331338,2
matrizFxC,32,64,684,2
matrizFxT,32,64,679,2
mmPosix,32,64,1067,2
matrizFxC,32,128,888,2
matrizFxT,32,128,876,2
mmPosix,32,128,1106,2
matrizFxC,32,256,2722,2
matrizFxT,32,256,2353,2
mmPosix,32,256,2824,2
matrizFxC,32,512,24586,2
matrizFxT,32,512,13759,2
mmPosix,32,512,22600,2
matrizFxC,32,1024,221317,2
matrizFxT,32,1024,104167,2
mmPosix,32,1024,234350,2
matrizFxC,1,64,630,3
matrizFxT,1,64,580,3
mmPosix,1,64,1337,3
matrizFxC,1,128,4066,3
matrizFxT,1,128,3947,3
mmPosix,1,128,5063,3
matrizFxC,1,256,32707,3
matrizFxT,1,256,33045,3
mmPosix,1,256,38632,3
matrizFxC,1,512,418180,3
matrizFxT,1,512,273397,3
mmPosix,1,512,440988,3
matrizFxC,1,1024,5268103,3
matrizFxT,1,1024,2232523,3
mmPosix,1,1024,5257923,3
matrizFxC,2,64,385,3
matrizFxT,2,64,540,3
mmPosix,2,64,933,3
matrizFxC,2,128,2454,3
matrizFxT,2,128,2209,3
mmPosix,2,128,2987,3
matrizFxC,2,256,16938,3
matrizFxT,2,256,17337,3
mmPosix,2,256,19582,3
matrizFxC,2,512,233635,3
matrizFxT,2,512,140296,3
mmPosix,2,512,214021,3
matrizFxC,2,1024,2734733,3
matrizFxT,2,1024,1138437,3
mmPosix,2,1024,2741732,3
matrizFxC,4,64,385,3
matrizFxT,4,64,412,3
mmPosix,4,64,1185,3
matrizFxC,4,128,1545,3
matrizFxT,4,128,1336,3
mmPosix,4,128,1842,3
matrizFxC,4,256,9140,3
matrizFxT,4,256,9655,3
mmPosix,4,256,10370,3
matrizFxC,4,512,101713,3
matrizFxT,4,512,70499,3
mmPosix,4,512,103746,3
matrizFxC,4,1024,1370865,3
matrizFxT,4,1024,578643,3
mmPosix,4,1024,1389154,3
matrizFxC,8,64,452,3
matrizFxT,8,64,424,3
mmPosix,8,64,608,3
matrizFxC,8,128,1072,3
matrizFxT,8,128,872,3
mmPosix,8,128,1107,3
matrizFxC,8,256,4975,3
matrizFxT,8,256,4870,3
mmPosix,8,256,5465,3
matrizFxC,8,512,51582,3
matrizFxT,8,512,36959,3
mmPosix,8,512,54034,3
matrizFxC,8,1024,626886,3
matrizFxT,8,1024,301452,3
mmPosix,8,1024,708352,3
matrizFxC,16,64,475,3
matrizFxT,16,64,501,3
mmPosix,16,64,631,3
matrizFxC,16,128,774,3
matrizFxT,16,128,642,3
mmPosix,16,128,848,3
matrizFxC,16,256,2899,3
matrizFxT,16,256,2708,3
mmPosix,16,256,3099,3
matrizFxC,16,512,27143,3
matrizFxT,16,512,19917,3
mmPosix,16,512,28894,3
matrizFxC,16,1024,353849,3
matrizFxT,16,1024,159429,3
mmPosix,16,1024,328000,3
matrizFxC,32,64,718,3
matrizFxT,32,64,673,3
mmPosix,32,64,1046,3
matrizFxC,32,128,890,3
matrizFxT,32,128,897,3
mmPosix,32,128,1249,3
matrizFxC,32,256,2780,3
matrizFxT,32,256,2418,3
mmPosix,32,256,2834,3
matrizFxC,32,512,24014,3
matrizFxT,32,512,13772,3
mmPosix,32,512,23365,3
matrizFxC,32,1024,243703,3
matrizFxT,32,1024,105226,3
mmPosix,32,1024,236483,3
matrizFxC,1,64,555,4
matrizFxT,1,64,598,4
mmPosix,1,64,1191,4
matrizFxC,1,128,4149,4
matrizFxT,1,128,3744,4
mmPosix,1,128,5408,4
matrizFxC,1,256,32726,4
matrizFxT,1,256,32883,4
mmPosix,1,256,37901,4
matrizFxC,1,512,631117,4
matrizFxT,1,512,272362,4
mmPosix,1,512,412713,4
matrizFxC,1,1024,5278065,4
matrizFxT,1,1024,2227980,4
mmPosix,1,1024,5414606,4
matrizFxC,2,64,457,4
matrizFxT,2,64,495,4
mmPosix,2,64,1015,4
matrizFxC,2,128,2369,4
matrizFxT,2,128,2130,4
mmPosix,2,128,3319,4
matrizFxC,2,256,17063,4
matrizFxT,2,256,16998,4
mmPosix,2,256,19424,4
matrizFxC,2,512,201871,4
matrizFxT,2,512,138301,4
mmPosix,2,512,171418,4
matrizFxC,2,1024,2761254,4
matrizFxT,2,1024,1122449,4
mmPosix,2,1024,2779627,4
matrizFxC,4,64,537,4
matrizFxT,4,64,408,4
mmPosix,4,64,690,4
matrizFxC,4,128,1422,4
matrizFxT,4,128,1352,4
mmPosix,4,128,2188,4
matrizFxC,4,256,8842,4
matrizFxT,4,256,9056,4
mmPosix,4,256,10078,4
matrizFxC,4,512,97177,4
matrizFxT,4,512,70938,4
mmPosix,4,512,104207,4
matrizFxC,4,1024,1388802,4
matrizFxT,4,1024,578019,4
mmPosix,4,1024,1365677,4
matrizFxC,8,64,417,4
matrizFxT,8,64,627,4
mmPosix,8,64,1338,4
matrizFxC,8,128,931,4
matrizFxT,8,128,874,4
mmPosix,8,128,1089,4
matrizFxC,8,256,4829,4
matrizFxT,8,256,4622,4
mmPosix,8,256,5513,4
matrizFxC,8,512,51811,4
matrizFxT,8,512,37535,4
mmPosix,8,512,52051,4
matrizFxC,8,1024,700585,4
matrizFxT,8,1024,303443,4
mmPosix,8,1024,706787,4
matrizFxC,16,64,500,4
matrizFxT,16,64,534,4
mmPosix,16,64,679,4
matrizFxC,16,128,846,4
matrizFxT,16,128,634,4
mmPosix,16,128,852,4
matrizFxC,16,256,2857,4
matrizFxT,16,256,2662,4
mmPosix,16,256,3035,4
matrizFxC,16,512,27072,4
matrizFxT,16,512,19806,4
mmPosix,16,512,27849,4
matrizFxC,16,1024,354551,4
matrizFxT,16,1024,157896,4
mmPosix,16,1024,347808,4
matrizFxC,32,64,831,4
matrizFxT,32,64,644,4
mmPosix,32,64,990,4
matrizFxC,32,128,844,4
matrizFxT,32,128,892,4
mmPosix,32,128,1150,4
matrizFxC,32,256,2725,4
matrizFxT,32,256,2474,4
mmPosix,32,256,2838,4
matrizFxC,32,512,23972,4
matrizFxT,32,512,13645,4
mmPosix,32,512,23783,4
matrizFxC,32,1024,269844,4
matrizFxT,32,1024,104300,4
mmPosix,32,1024,284060,4
matrizFxC,1,64,553,5
matrizFxT,1,64,582,5
mmPosix,1,64,1050,5
matrizFxC,1,128,4117,5
matrizFxT,1,128,3795,5
mmPosix,1,128,5066,5
matrizFxC,1,256,32405,5
matrizFxT,1,256,33158,5
mmPosix,1,256,38104,5
matrizFxC,1,512,437512,5
matrizFxT,1,512,272912,5
mmPosix,1,512,425276,5
matrizFxC,1,1024,5338982,5
matrizFxT,1,1024,2222208,5
mmPosix,1,1024,4951525,5
matrizFxC,2,64,565,5
matrizFxT,2,64,466,5
mmPosix,2,64,756,5
matrizFxC,2,128,2307,5
matrizFxT,2,128,2319,5
mmPosix,2,128,3088,5
matrizFxC,2,256,16764,5
matrizFxT,2,256,17083,5
mmPosix,2,256,19783,5
matrizFxC,2,512,198559,5
matrizFxT,2,512,137724,5
mmPosix,2,512,205694,5
matrizFxC,2,1024,2740776,5
matrizFxT,2,1024,1116750,5
mmPosix,2,1024,2546520,5
matrizFxC,4,64,425,5
matrizFxT,4,64,571,5
mmPosix,4,64,754,5
matrizFxC,4,128,1272,5
matrizFxT,4,128,1381,5
mmPosix,4,128,1696,5
matrizFxC,4,256,8920,5
matrizFxT,4,256,8763,5
mmPosix,4,256,10458,5
matrizFxC,4,512,101069,5
matrizFxT,4,512,71744,5
mmPosix,4,512,101928,5
matrizFxC,4,1024,1380404,5
matrizFxT,4,1024,574624,5
mmPosix,4,1024,1387854,5
matrizFxC,8,64,486,5
matrizFxT,8,64,499,5
mmPosix,8,64,806,5
matrizFxC,8,128,1095,5
matrizFxT,8,128,844,5
mmPosix,8,128,1240,5
matrizFxC,8,256,4828,5
matrizFxT,8,256,4937,5
mmPosix,8,256,6315,5
matrizFxC,8,512,50947,5
matrizFxT,8,512,37335,5
mmPosix,8,512,58041,5
matrizFxC,8,1024,702047,5
matrizFxT,8,1024,303077,5
mmPosix,8,1024,705045,5
matrizFxC,16,64,450,5
matrizFxT,16,64,349,5
mmPosix,16,64,895,5
matrizFxC,16,128,726,5
matrizFxT,16,128,671,5
mmPosix,16,128,824,5
matrizFxC,16,256,2780,5
matrizFxT,16,256,2718,5
mmPosix,16,256,3226,5
matrizFxC,16,512,26778,5
matrizFxT,16,512,19438,5
mmPosix,16,512,27685,5
matrizFxC,16,1024,354058,5
matrizFxT,16,1024,169067,5
mmPosix,16,1024,351736,5
matrizFxC,32,64,674,5
matrizFxT,32,64,667,5
mmPosix,32,64,1031,5
matrizFxC,32,128,872,5
matrizFxT,32,128,869,5
mmPosix,32,128,1192,5
matrizFxC,32,256,2707,5
matrizFxT,32,256,2307,5
mmPosix,32,256,2768,5
matrizFxC,32,512,24374,5
matrizFxT,32,512,13733,5
mmPosix,32,512,23976,5
matrizFxC,32,1024,222286,5
matrizFxT,32,1024,103200,5
mmPosix,32,1024,268157,5
matrizFxC,1,64,561,6
matrizFxT,1,64,568,6
mmPosix,1,64,1083,6
matrizFxC,1,128,4146,6
matrizFxT,1,128,3862,6
mmPosix,1,128,5247,6
matrizFxC,1,256,32447,6
matrizFxT,1,256,32816,6
mmPosix,1,256,38017,6
matrizFxC,1,512,406128,6
matrizFxT,1,512,271677,6
mmPosix,1,512,414484,6
matrizFxC,1,1024,5333692,6
matrizFxT,1,1024,2225251,6
mmPosix,1,1024,5414252,6
matrizFxC,2,64,466,6
matrizFxT,2,64,553,6
mmPosix,2,64,927,6
matrizFxC,2,128,2314,6
matrizFxT,2,128,2297,6
mmPosix,2,128,2796,6
matrizFxC,2,256,17000,6
matrizFxT,2,256,16962,6
mmPosix,2,256,19168,6
matrizFxC,2,512,198001,6
matrizFxT,2,512,137634,6
mmPosix,2,512,208858,6
matrizFxC,2,1024,2641626,6
matrizFxT,2,1024,1117659,6
mmPosix,2,1024,2807098,6
matrizFxC,4,64,394,6
matrizFxT,4,64,414,6
mmPosix,4,64,1016,6
matrizFxC,4,128,1387,6
matrizFxT,4,128,1257,6
mmPosix,4,128,1562,6
matrizFxC,4,256,8967,6
matrizFxT,4,256,8863,6
mmPosix,4,256,10234,6
matrizFxC,4,512,101633,6
matrizFxT,4,512,69699,6
mmPosix,4,512,103924,6
matrizFxC,4,1024,1382799,6
matrizFxT,4,1024,572670,6
mmPosix,4,1024,1397124,6
matrizFxC,8,64,376,6
matrizFxT,8,64,360,6
mmPosix,8,64,1375,6
matrizFxC,8,128,943,6
matrizFxT,8,128,900,6
mmPosix,8,128,1233,6
matrizFxC,8,256,4861,6
matrizFxT,8,256,5006,6
mmPosix,8,256,5666,6
matrizFxC,8,512,54358,6
matrizFxT,8,512,37818,6
mmPosix,8,512,52361,6
matrizFxC,8,1024,699647,6
matrizFxT,8,1024,301310,6
mmPosix,8,1024,703575,6
matrizFxC,16,64,544,6
matrizFxT,16,64,554,6
mmPosix,16,64,676,6
matrizFxC,16,128,777,6
matrizFxT,16,128,628,6
mmPosix,16,128,814,6
matrizFxC,16,256,2774,6
matrizFxT,16,256,2767,6
mmPosix,16,256,3210,6
matrizFxC,16,512,26543,6
matrizFxT,16,512,20039,6
mmPosix,16,512,27941,6
matrizFxC,16,1024,341184,6
matrizFxT,16,1024,159928,6
mmPosix,16,1024,334501,6
matrizFxC,32,64,732,6
matrizFxT,32,64,651,6
mmPosix,32,64,999,6
matrizFxC,32,128,895,6
matrizFxT,32,128,880,6
mmPosix,32,128,1131,6
matrizFxC,32,256,2715,6
matrizFxT,32,256,2347,6
mmPosix,32,256,2803,6
matrizFxC,32,512,23508,6
matrizFxT,32,512,13628,6
mmPosix,32,512,24303,6
matrizFxC,32,1024,241597,6
matrizFxT,32,1024,103353,6
mmPosix,32,1024,271493,6
matrizFxC,1,64,552,7
matrizFxT,1,64,564,7
mmPosix,1,64,960,7
matrizFxC,1,128,4181,7
matrizFxT,1,128,4000,7
mmPosix,1,128,5284,7
matrizFxC,1,256,32697,7
matrizFxT,1,256,33387,7
mmPosix,1,256,38487,7
matrizFxC,1,512,401449,7
matrizFxT,1,512,272391,7
mmPosix,1,512,422114,7
matrizFxC,1,1024,5308257,7
matrizFxT,1,1024,2220635,7
mmPosix,1,1024,5622469,7
matrizFxC,2,64,442,7
matrizFxT,2,64,381,7
mmPosix,2,64,918,7
matrizFxC,2,128,2404,7
matrizFxT,2,128,2281,7
mmPosix,2,128,3210,7
matrizFxC,2,256,16699,7
matrizFxT,2,256,16739,7
mmPosix,2,256,19100,7
matrizFxC,2,512,195421,7
matrizFxT,2,512,137718,7
mmPosix,2,512,204029,7
matrizFxC,2,1024,2629766,7
matrizFxT,2,1024,1121822,7
mmPosix,2,1024,2748696,7
matrizFxC,4,64,393,7
matrizFxT,4,64,488,7
mmPosix,4,64,468,7
matrizFxC,4,128,1557,7
matrizFxT,4,128,1259,7
mmPosix,4,128,1586,7
matrizFxC,4,256,8919,7
matrizFxT,4,256,9043,7
mmPosix,4,256,10782,7
matrizFxC,4,512,102679,7
matrizFxT,4,512,74898,7
mmPosix,4,512,104279,7
matrizFxC,4,1024,1384969,7
matrizFxT,4,1024,574082,7
mmPosix,4,1024,1387096,7
matrizFxC,8,64,388,7
matrizFxT,8,64,360,7
mmPosix,8,64,746,7
matrizFxC,8,128,884,7
matrizFxT,8,128,848,7
mmPosix,8,128,1015,7
matrizFxC,8,256,4992,7
matrizFxT,8,256,4806,7
mmPosix,8,256,5428,7
matrizFxC,8,512,51105,7
matrizFxT,8,512,37687,7
mmPosix,8,512,53208,7
matrizFxC,8,1024,700012,7
matrizFxT,8,1024,305429,7
mmPosix,8,1024,704812,7
matrizFxC,16,64,484,7
matrizFxT,16,64,497,7
mmPosix,16,64,858,7
matrizFxC,16,128,705,7
matrizFxT,16,128,629,7
mmPosix,16,128,794,7
matrizFxC,16,256,2685,7
matrizFxT,16,256,2854,7
mmPosix,16,256,3078,7
matrizFxC,16,512,26596,7
matrizFxT,16,512,19840,7
mmPosix,16,512,27680,7
matrizFxC,16,1024,321473,7
matrizFxT,16,1024,158196,7
mmPosix,16,1024,326087,7
matrizFxC,32,64,642,7
matrizFxT,32,64,648,7
mmPosix,32,64,1055,7
matrizFxC,32,128,929,7
matrizFxT,32,128,872,7
mmPosix,32,128,1190,7
matrizFxC,32,256,2867,7
matrizFxT,32,256,2347,7
mmPosix,32,256,2732,7
matrizFxC,32,512,23818,7
matrizFxT,32,512,14527,7
mmPosix,32,512,24579,7
matrizFxC,32,1024,272504,7
matrizFxT,32,1024,103432,7
mmPosix,32,1024,231224,7
matrizFxC,1,64,575,8
matrizFxT,1,64,565,8
mmPosix,1,64,979,8
matrizFxC,1,128,4141,8
matrizFxT,1,128,3937,8
mmPosix,1,128,5192,8
matrizFxC,1,256,32769,8
matrizFxT,1,256,32842,8
mmPosix,1,256,38274,8
matrizFxC,1,512,414406,8
matrizFxT,1,512,273471,8
mmPosix,1,512,442048,8
matrizFxC,1,1024,5349498,8
matrizFxT,1,1024,2232299,8
mmPosix,1,1024,5525544,8
matrizFxC,2,64,544,8
matrizFxT,2,64,528,8
mmPosix,2,64,1098,8
matrizFxC,2,128,2180,8
matrizFxT,2,128,2293,8
mmPosix,2,128,3237,8
matrizFxC,2,256,17071,8
matrizFxT,2,256,16929,8
mmPosix,2,256,19588,8
matrizFxC,2,512,193360,8
matrizFxT,2,512,138322,8
mmPosix,2,512,203601,8
matrizFxC,2,1024,2625922,8
matrizFxT,2,1024,1128129,8
mmPosix,2,1024,2743741,8
matrizFxC,4,64,416,8
matrizFxT,4,64,477,8
mmPosix,4,64,1243,8
matrizFxC,4,128,1454,8
matrizFxT,4,128,1591,8
mmPosix,4,128,1865,8
matrizFxC,4,256,8910,8
matrizFxT,4,256,9318,8
mmPosix,4,256,10482,8
matrizFxC,4,512,95434,8
matrizFxT,4,512,69872,8
mmPosix,4,512,102308,8
matrizFxC,4,1024,1392988,8
matrizFxT,4,1024,577046,8
mmPosix,4,1024,1401970,8
matrizFxC,8,64,415,8
matrizFxT,8,64,470,8
mmPosix,8,64,931,8
matrizFxC,8,128,860,8
matrizFxT,8,128,917,8
mmPosix,8,128,1070,8
matrizFxC,8,256,4928,8
matrizFxT,8,256,5009,8
mmPosix,8,256,5587,8
matrizFxC,8,512,50478,8
matrizFxT,8,512,37465,8
mmPosix,8,512,53290,8
matrizFxC,8,1024,679474,8
matrizFxT,8,1024,299506,8
mmPosix,8,1024,676652,8
matrizFxC,16,64,467,8
matrizFxT,16,64,513,8
mmPosix,16,64,644,8
matrizFxC,16,128,802,8
matrizFxT,16,128,601,8
mmPosix,16,128,800,8
matrizFxC,16,256,2858,8
matrizFxT,16,256,2750,8
mmPosix,16,256,3041,8
matrizFxC,16,512,43512,8
matrizFxT,16,512,19676,8
mmPosix,16,512,27462,8
matrizFxC,16,1024,333253,8
matrizFxT,16,1024,159812,8
mmPosix,16,1024,342192,8
matrizFxC,32,64,673,8
matrizFxT,32,64,637,8
mmPosix,32,64,993,8
matrizFxC,32,128,884,8
matrizFxT,32,128,853,8
mmPosix,32,128,1164,8
matrizFxC,32,256,2710,8
matrizFxT,32,256,2349,8
mmPosix,32,256,2813,8
matrizFxC,32,512,25189,8
matrizFxT,32,512,14244,8
mmPosix,32,512,24279,8
matrizFxC,32,1024,222913,8
matrizFxT,32,1024,103066,8
mmPosix,32,1024,276560,8
matrizFxC,1,64,570,9
matrizFxT,1,64,570,9
mmPosix,1,64,1174,9
matrizFxC,1,128,4079,9
matrizFxT,1,128,3887,9
mmPosix,1,128,5393,9
matrizFxC,1,256,32953,9
matrizFxT,1,256,33193,9
mmPosix,1,256,38579,9
matrizFxC,1,512,422046,9
matrizFxT,1,512,272454,9
mmPosix,1,512,436191,9
matrizFxC,1,1024,5295295,9
matrizFxT,1,1024,2216587,9
mmPosix,1,1024,5573858,9
matrizFxC,2,64,558,9
matrizFxT,2,64,328,9
mmPosix,2,64,949,9
matrizFxC,2,128,2321,9
matrizFxT,2,128,2145,9
mmPosix,2,128,2863,9
matrizFxC,2,256,17393,9
matrizFxT,2,256,17675,9
mmPosix,2,256,19460,9
matrizFxC,2,512,202136,9
matrizFxT,2,512,137884,9
mmPosix,2,512,207915,9
matrizFxC,2,1024,2737693,9
matrizFxT,2,1024,1127006,9
mmPosix,2,1024,2776158,9
matrizFxC,4,64,451,9
matrizFxT,4,64,450,9
mmPosix,4,64,1220,9
matrizFxC,4,128,1481,9
matrizFxT,4,128,1172,9
mmPosix,4,128,1735,9
matrizFxC,4,256,8857,9
matrizFxT,4,256,8872,9
mmPosix,4,256,10969,9
matrizFxC,4,512,103613,9
matrizFxT,4,512,71179,9
mmPosix,4,512,106354,9
matrizFxC,4,1024,1387717,9
matrizFxT,4,1024,579489,9
mmPosix,4,1024,1314609,9
matrizFxC,8,64,423,9
matrizFxT,8,64,517,9
mmPosix,8,64,836,9
matrizFxC,8,128,944,9
matrizFxT,8,128,947,9
mmPosix,8,128,1163,9
matrizFxC,8,256,4897,9
matrizFxT,8,256,4834,9
mmPosix,8,256,5463,9
matrizFxC,8,512,50592,9
matrizFxT,8,512,38169,9
mmPosix,8,512,53174,9
matrizFxC,8,1024,694586,9
matrizFxT,8,1024,301594,9
mmPosix,8,1024,707875,9
matrizFxC,16,64,497,9
matrizFxT,16,64,559,9
mmPosix,16,64,662,9
matrizFxC,16,128,632,9
matrizFxT,16,128,608,9
mmPosix,16,128,784,9
matrizFxC,16,256,2666,9
matrizFxT,16,256,2785,9
mmPosix,16,256,3080,9
matrizFxC,16,512,26840,9
matrizFxT,16,512,19522,9
mmPosix,16,512,27603,9
matrizFxC,16,1024,359440,9
matrizFxT,16,1024,167379,9
mmPosix,16,1024,349736,9
matrizFxC,32,64,670,9
matrizFxT,32,64,616,9
mmPosix,32,64,1025,9
matrizFxC,32,128,891,9
matrizFxT,32,128,860,9
mmPosix,32,128,1234,9
matrizFxC,32,256,2736,9
matrizFxT,32,256,2360,9
mmPosix,32,256,2817,9
matrizFxC,32,512,24661,9
matrizFxT,32,512,13644,9
mmPosix,32,512,23706,9
matrizFxC,32,1024,216820,9
matrizFxT,32,1024,102933,9
mmPosix,32,1024,283730,9
matrizFxC,1,64,567,10
matrizFxT,1,64,567,10
mmPosix,1,64,1101,10
matrizFxC,1,128,4145,10
matrizFxT,1,128,3806,10
mmPosix,1,128,5080,10
matrizFxC,1,256,32564,10
matrizFxT,1,256,32769,10
mmPosix,1,256,38301,10
matrizFxC,1,512,404396,10
matrizFxT,1,512,272654,10
mmPosix,1,512,411246,10
matrizFxC,1,1024,5255556,10
matrizFxT,1,1024,2230092,10
mmPosix,1,1024,5548895,10
matrizFxC,2,64,473,10
matrizFxT,2,64,506,10
mmPosix,2,64,585,10
matrizFxC,2,128,2390,10
matrizFxT,2,128,2182,10
mmPosix,2,128,2875,10
matrizFxC,2,256,17159,10
matrizFxT,2,256,16873,10
mmPosix,2,256,19787,10
matrizFxC,2,512,218643,10
matrizFxT,2,512,137998,10
mmPosix,2,512,207728,10
matrizFxC,2,1024,2599548,10
matrizFxT,2,1024,1113522,10
mmPosix,2,1024,2746130,10
matrizFxC,4,64,387,10
matrizFxT,4,64,425,10
mmPosix,4,64,1205,10
matrizFxC,4,128,1405,10
matrizFxT,4,128,1268,10
mmPosix,4,128,2365,10
matrizFxC,4,256,9318,10
matrizFxT,4,256,8844,10
mmPosix,4,256,10471,10
matrizFxC,4,512,97612,10
matrizFxT,4,512,69959,10
mmPosix,4,512,105797,10
matrizFxC,4,1024,1403885,10
matrizFxT,4,1024,588982,10
mmPosix,4,1024,1386926,10
matrizFxC,8,64,440,10
matrizFxT,8,64,360,10
mmPosix,8,64,466,10
matrizFxC,8,128,947,10
matrizFxT,8,128,773,10
mmPosix,8,128,1048,10
matrizFxC,8,256,4900,10
matrizFxT,8,256,4780,10
mmPosix,8,256,5932,10
matrizFxC,8,512,55032,10
matrizFxT,8,512,35972,10
mmPosix,8,512,53664,10
matrizFxC,8,1024,691540,10
matrizFxT,8,1024,299989,10
mmPosix,8,1024,701940,10
matrizFxC,16,64,493,10
matrizFxT,16,64,447,10
mmPosix,16,64,683,10
matrizFxC,16,128,683,10
matrizFxT,16,128,775,10
mmPosix,16,128,902,10
matrizFxC,16,256,2731,10
matrizFxT,16,256,2718,10
mmPosix,16,256,3128,10
matrizFxC,16,512,27457,10
matrizFxT,16,512,19656,10
mmPosix,16,512,27566,10
matrizFxC,16,1024,357738,10
matrizFxT,16,1024,158506,10
mmPosix,16,1024,360272,10
matrizFxC,32,64,681,10
matrizFxT,32,64,662,10
mmPosix,32,64,998,10
matrizFxC,32,128,896,10
matrizFxT,32,128,889,10
mmPosix,32,128,1208,10
matrizFxC,32,256,2898,10
matrizFxT,32,256,2298,10
mmPosix,32,256,2727,10
matrizFxC,32,512,25914,10
matrizFxT,32,512,13622,10
mmPosix,32,512,23936,10
matrizFxC,32,1024,252601,10
matrizFxT,32,1024,102962,10
mmPosix,32,1024,245176,10
matrizFxC,1,64,553,11
matrizFxT,1,64,549,11
mmPosix,1,64,1133,11
matrizFxC,1,128,4204,11
matrizFxT,1,128,3854,11
mmPosix,1,128,5296,11
matrizFxC,1,256,32902,11
matrizFxT,1,256,32648,11
mmPosix,1,256,37964,11
matrizFxC,1,512,408350,11
matrizFxT,1,512,270368,11
mmPosix,1,512,405573,11
matrizFxC,1,1024,5594875,11
matrizFxT,1,1024,2223725,11
mmPosix,1,1024,5686211,11
matrizFxC,2,64,500,11
matrizFxT,2,64,521,11
mmPosix,2,64,563,11
matrizFxC,2,128,2430,11
matrizFxT,2,128,2242,11
mmPosix,2,128,3083,11
matrizFxC,2,256,16727,11
matrizFxT,2,256,16694,11
mmPosix,2,256,19474,11
matrizFxC,2,512,198786,11
matrizFxT,2,512,137860,11
mmPosix,2,512,198970,11
matrizFxC,2,1024,2752118,11
matrizFxT,2,1024,1112897,11
mmPosix,2,1024,2766052,11
matrizFxC,4,64,343,11
matrizFxT,4,64,420,11
mmPosix,4,64,1078,11
matrizFxC,4,128,1391,11
matrizFxT,4,128,1456,11
mmPosix,4,128,1589,11
matrizFxC,4,256,8802,11
matrizFxT,4,256,8984,11
mmPosix,4,256,10794,11
matrizFxC,4,512,98908,11
matrizFxT,4,512,70827,11
mmPosix,4,512,109187,11
matrizFxC,4,1024,1384853,11
matrizFxT,4,1024,592542,11
mmPosix,4,1024,1395613,11
matrizFxC,8,64,410,11
matrizFxT,8,64,396,11
mmPosix,8,64,1284,11
matrizFxC,8,128,818,11
matrizFxT,8,128,1008,11
mmPosix,8,128,1137,11
matrizFxC,8,256,4765,11
matrizFxT,8,256,4721,11
mmPosix,8,256,6619,11
matrizFxC,8,512,51332,11
matrizFxT,8,512,37216,11
mmPosix,8,512,50946,11
matrizFxC,8,1024,694630,11
matrizFxT,8,1024,301890,11
mmPosix,8,1024,635029,11
matrizFxC,16,64,610,11
matrizFxT,16,64,425,11
mmPosix,16,64,745,11
matrizFxC,16,128,721,11
matrizFxT,16,128,716,11
mmPosix,16,128,888,11
matrizFxC,16,256,2926,11
matrizFxT,16,256,2854,11
mmPosix,16,256,3222,11
matrizFxC,16,512,26919,11
matrizFxT,16,512,19958,11
mmPosix,16,512,28577,11
matrizFxC,16,1024,325632,11
matrizFxT,16,1024,158878,11
mmPosix,16,1024,352746,11
matrizFxC,32,64,672,11
matrizFxT,32,64,618,11
mmPosix,32,64,1021,11
matrizFxC,32,128,880,11
matrizFxT,32,128,865,11
mmPosix,32,128,1177,11
matrizFxC,32,256,2640,11
matrizFxT,32,256,2308,11
mmPosix,32,256,2778,11
matrizFxC,32,512,23530,11
matrizFxT,32,512,13578,11
mmPosix,32,512,23959,11
matrizFxC,32,1024,257507,11
matrizFxT,32,1024,103034,11
mmPosix,32,1024,258438,11
matrizFxC,1,64,552,12
matrizFxT,1,64,558,12
mmPosix,1,64,1106,12
matrizFxC,1,128,4122,12
matrizFxT,1,128,3931,12
mmPosix,1,128,5093,12
matrizFxC,1,256,32646,12
matrizFxT,1,256,32880,12
mmPosix,1,256,37904,12
matrizFxC,1,512,419574,12
matrizFxT,1,512,272247,12
mmPosix,1,512,416527,12
matrizFxC,1,1024,5601654,12
matrizFxT,1,1024,2222423,12
mmPosix,1,1024,5387647,12
matrizFxC,2,64,442,12
matrizFxT,2,64,507,12
mmPosix,2,64,1003,12
matrizFxC,2,128,2350,12
matrizFxT,2,128,2011,12
mmPosix,2,128,2901,12
matrizFxC,2,256,16656,12
matrizFxT,2,256,17198,12
mmPosix,2,256,19689,12
matrizFxC,2,512,212669,12
matrizFxT,2,512,139266,12
mmPosix,2,512,202198,12
matrizFxC,2,1024,2750576,12
matrizFxT,2,1024,1123402,12
mmPosix,2,1024,2790293,12
matrizFxC,4,64,392,12
matrizFxT,4,64,386,12
mmPosix,4,64,1011,12
matrizFxC,4,128,1509,12
matrizFxT,4,128,1305,12
mmPosix,4,128,1935,12
matrizFxC,4,256,8797,12
matrizFxT,4,256,9084,12
mmPosix,4,256,10541,12
matrizFxC,4,512,99248,12
matrizFxT,4,512,71163,12
mmPosix,4,512,102072,12
matrizFxC,4,1024,1370214,12
matrizFxT,4,1024,576472,12
mmPosix,4,1024,1398185,12
matrizFxC,8,64,415,12
matrizFxT,8,64,427,12
mmPosix,8,64,610,12
matrizFxC,8,128,894,12
matrizFxT,8,128,792,12
mmPosix,8,128,1049,12
matrizFxC,8,256,4873,12
matrizFxT,8,256,4816,12
mmPosix,8,256,5408,12
matrizFxC,8,512,51019,12
matrizFxT,8,512,38248,12
mmPosix,8,512,53740,12
matrizFxC,8,1024,702379,12
matrizFxT,8,1024,303633,12
mmPosix,8,1024,703263,12
matrizFxC,16,64,514,12
matrizFxT,16,64,467,12
mmPosix,16,64,583,12
matrizFxC,16,128,717,12
matrizFxT,16,128,615,12
mmPosix,16,128,825,12
matrizFxC,16,256,2929,12
matrizFxT,16,256,2684,12
mmPosix,16,256,3031,12
matrizFxC,16,512,27605,12
matrizFxT,16,512,19633,12
mmPosix,16,512,27407,12
matrizFxC,16,1024,359014,12
matrizFxT,16,1024,159021,12
mmPosix,16,1024,335528,12
matrizFxC,32,64,675,12
matrizFxT,32,64,611,12
mmPosix,32,64,1056,12
matrizFxC,32,128,909,12
matrizFxT,32,128,878,12
mmPosix,32,128,1194,12
matrizFxC,32,256,2718,12
matrizFxT,32,256,2274,12
mmPosix,32,256,2779,12
matrizFxC,32,512,23412,12
matrizFxT,32,512,13891,12
mmPosix,32,512,24990,12
matrizFxC,32,1024,237864,12
matrizFxT,32,1024,102894,12
mmPosix,32,1024,262365,12
matrizFxC,1,64,574,13
matrizFxT,1,64,580,13
mmPosix,1,64,1135,13
matrizFxC,1,128,4112,13
matrizFxT,1,128,3946,13
mmPosix,1,128,5208,13
matrizFxC,1,256,32504,13
matrizFxT,1,256,32944,13
mmPosix,1,256,38252,13
matrizFxC,1,512,434352,13
matrizFxT,1,512,273224,13
mmPosix,1,512,414711,13
matrizFxC,1,1024,5382420,13
matrizFxT,1,1024,2231736,13
mmPosix,1,1024,5418677,13
matrizFxC,2,64,434,13
matrizFxT,2,64,530,13
mmPosix,2,64,798,13
matrizFxC,2,128,2419,13
matrizFxT,2,128,2266,13
mmPosix,2,128,2711,13
matrizFxC,2,256,16967,13
matrizFxT,2,256,16841,13
mmPosix,2,256,19566,13
matrizFxC,2,512,202835,13
matrizFxT,2,512,137786,13
mmPosix,2,512,204387,13
matrizFxC,2,1024,2760859,13
matrizFxT,2,1024,1116987,13
mmPosix,2,1024,2753032,13
matrizFxC,4,64,408,13
matrizFxT,4,64,477,13
mmPosix,4,64,1203,13
matrizFxC,4,128,1412,13
matrizFxT,4,128,1438,13
mmPosix,4,128,1905,13
matrizFxC,4,256,9016,13
matrizFxT,4,256,8784,13
mmPosix,4,256,10604,13
matrizFxC,4,512,109141,13
matrizFxT,4,512,70968,13
mmPosix,4,512,102815,13
matrizFxC,4,1024,1392365,13
matrizFxT,4,1024,578406,13
mmPosix,4,1024,1397390,13
matrizFxC,8,64,411,13
matrizFxT,8,64,313,13
mmPosix,8,64,500,13
matrizFxC,8,128,763,13
matrizFxT,8,128,872,13
mmPosix,8,128,1011,13
matrizFxC,8,256,4748,13
matrizFxT,8,256,4853,13
mmPosix,8,256,5505,13
matrizFxC,8,512,51501,13
matrizFxT,8,512,37424,13
mmPosix,8,512,51684,13
matrizFxC,8,1024,702897,13
matrizFxT,8,1024,301881,13
mmPosix,8,1024,708180,13
matrizFxC,16,64,548,13
matrizFxT,16,64,457,13
mmPosix,16,64,592,13
matrizFxC,16,128,717,13
matrizFxT,16,128,737,13
mmPosix,16,128,763,13
matrizFxC,16,256,2677,13
matrizFxT,16,256,2749,13
mmPosix,16,256,3043,13
matrizFxC,16,512,29720,13
matrizFxT,16,512,19571,13
mmPosix,16,512,27436,13
matrizFxC,16,1024,353604,13
matrizFxT,16,1024,158692,13
mmPosix,16,1024,325472,13
matrizFxC,32,64,690,13
matrizFxT,32,64,635,13
mmPosix,32,64,995,13
matrizFxC,32,128,873,13
matrizFxT,32,128,853,13
mmPosix,32,128,1214,13
matrizFxC,32,256,2746,13
matrizFxT,32,256,2348,13
mmPosix,32,256,2721,13
matrizFxC,32,512,23654,13
matrizFxT,32,512,13736,13
mmPosix,32,512,24566,13
matrizFxC,32,1024,219123,13
matrizFxT,32,1024,103212,13
mmPosix,32,1024,241397,13
matrizFxC,1,64,553,14
matrizFxT,1,64,553,14
mmPosix,1,64,1027,14
matrizFxC,1,128,4182,14
matrizFxT,1,128,3889,14
mmPosix,1,128,5073,14
matrizFxC,1,256,32406,14
matrizFxT,1,256,32862,14
mmPosix,1,256,37965,14
matrizFxC,1,512,463663,14
matrizFxT,1,512,271169,14
mmPosix,1,512,406883,14
matrizFxC,1,1024,5481800,14
matrizFxT,1,1024,2216957,14
mmPosix,1,1024,5289821,14
matrizFxC,2,64,410,14
matrizFxT,2,64,509,14
mmPosix,2,64,1047,14
matrizFxC,2,128,2328,14
matrizFxT,2,128,2020,14
mmPosix,2,128,2690,14
matrizFxC,2,256,17123,14
matrizFxT,2,256,17153,14
mmPosix,2,256,19778,14
matrizFxC,2,512,204604,14
matrizFxT,2,512,138646,14
mmPosix,2,512,209580,14
matrizFxC,2,1024,2757268,14
matrizFxT,2,1024,1125200,14
mmPosix,2,1024,2486639,14
matrizFxC,4,64,488,14
matrizFxT,4,64,456,14
mmPosix,4,64,434,14
matrizFxC,4,128,1212,14
matrizFxT,4,128,1339,14
mmPosix,4,128,1956,14
matrizFxC,4,256,9065,14
matrizFxT,4,256,9252,14
mmPosix,4,256,10234,14
matrizFxC,4,512,145364,14
matrizFxT,4,512,70417,14
mmPosix,4,512,103495,14
matrizFxC,4,1024,1341438,14
matrizFxT,4,1024,572201,14
mmPosix,4,1024,1361005,14
matrizFxC,8,64,443,14
matrizFxT,8,64,385,14
mmPosix,8,64,435,14
matrizFxC,8,128,814,14
matrizFxT,8,128,727,14
mmPosix,8,128,1058,14
matrizFxC,8,256,4832,14
matrizFxT,8,256,4779,14
mmPosix,8,256,5571,14
matrizFxC,8,512,52472,14
matrizFxT,8,512,38183,14
mmPosix,8,512,53584,14
matrizFxC,8,1024,699948,14
matrizFxT,8,1024,305458,14
mmPosix,8,1024,655627,14
matrizFxC,16,64,455,14
matrizFxT,16,64,502,14
mmPosix,16,64,669,14
matrizFxC,16,128,615,14
matrizFxT,16,128,638,14
mmPosix,16,128,1049,14
matrizFxC,16,256,2824,14
matrizFxT,16,256,2962,14
mmPosix,16,256,3140,14
matrizFxC,16,512,45428,14
matrizFxT,16,512,19575,14
mmPosix,16,512,27827,14
matrizFxC,16,1024,347415,14
matrizFxT,16,1024,157794,14
mmPosix,16,1024,352736,14
matrizFxC,32,64,701,14
matrizFxT,32,64,665,14
mmPosix,32,64,1048,14
matrizFxC,32,128,905,14
matrizFxT,32,128,868,14
mmPosix,32,128,1209,14
matrizFxC,32,256,2699,14
matrizFxT,32,256,2286,14
mmPosix,32,256,2744,14
matrizFxC,32,512,23824,14
matrizFxT,32,512,13587,14
mmPosix,32,512,23704,14
matrizFxC,32,1024,272131,14
matrizFxT,32,1024,103090,14
mmPosix,32,1024,221061,14
matrizFxC,1,64,604,15
matrizFxT,1,64,566,15
mmPosix,1,64,1119,15
matrizFxC,1,128,4183,15
matrizFxT,1,128,4100,15
mmPosix,1,128,5412,15
matrizFxC,1,256,42758,15
matrizFxT,1,256,32760,15
mmPosix,1,256,38401,15
matrizFxC,1,512,513378,15
matrizFxT,1,512,272488,15
mmPosix,1,512,467607,15
matrizFxC,1,1024,5286531,15
matrizFxT,1,1024,2218999,15
mmPosix,1,1024,5537003,15
matrizFxC,2,64,513,15
matrizFxT,2,64,474,15
mmPosix,2,64,902,15
matrizFxC,2,128,2497,15
matrizFxT,2,128,2218,15
mmPosix,2,128,2626,15
matrizFxC,2,256,17010,15
matrizFxT,2,256,16933,15
mmPosix,2,256,19409,15
matrizFxC,2,512,233199,15
matrizFxT,2,512,137389,15
mmPosix,2,512,222492,15
matrizFxC,2,1024,2698341,15
matrizFxT,2,1024,1115171,15
mmPosix,2,1024,2786090,15
matrizFxC,4,64,362,15
matrizFxT,4,64,360,15
mmPosix,4,64,786,15
matrizFxC,4,128,1373,15
matrizFxT,4,128,1414,15
mmPosix,4,128,1615,15
matrizFxC,4,256,8730,15
matrizFxT,4,256,8726,15
mmPosix,4,256,10243,15
matrizFxC,4,512,104801,15
matrizFxT,4,512,69639,15
mmPosix,4,512,114763,15
matrizFxC,4,1024,1376275,15
matrizFxT,4,1024,568588,15
mmPosix,4,1024,1258345,15
matrizFxC,8,64,393,15
matrizFxT,8,64,400,15
mmPosix,8,64,756,15
matrizFxC,8,128,847,15
matrizFxT,8,128,933,15
mmPosix,8,128,1097,15
matrizFxC,8,256,4893,15
matrizFxT,8,256,4817,15
mmPosix,8,256,5583,15
matrizFxC,8,512,53500,15
matrizFxT,8,512,37987,15
mmPosix,8,512,55089,15
matrizFxC,8,1024,706032,15
matrizFxT,8,1024,304223,15
mmPosix,8,1024,703157,15
matrizFxC,16,64,452,15
matrizFxT,16,64,542,15
mmPosix,16,64,702,15
matrizFxC,16,128,839,15
matrizFxT,16,128,628,15
mmPosix,16,128,786,15
matrizFxC,16,256,2810,15
matrizFxT,16,256,2806,15
mmPosix,16,256,3026,15
matrizFxC,16,512,27840,15
matrizFxT,16,512,19996,15
mmPosix,16,512,28448,15
matrizFxC,16,1024,340040,15
matrizFxT,16,1024,158224,15
mmPosix,16,1024,348625,15
matrizFxC,32,64,677,15
matrizFxT,32,64,664,15
mmPosix,32,64,1040,15
matrizFxC,32,128,912,15
matrizFxT,32,128,850,15
mmPosix,32,128,1194,15
matrizFxC,32,256,2777,15
matrizFxT,32,256,2356,15
mmPosix,32,256,2763,15
matrizFxC,32,512,25014,15
matrizFxT,32,512,13720,15
mmPosix,32,512,24068,15
matrizFxC,32,1024,279332,15
matrizFxT,32,1024,102377,15
mmPosix,32,1024,230981,15
matrizFxC,1,64,566,16
matrizFxT,1,64,584,16
mmPosix,1,64,1231,16
matrizFxC,1,128,4156,16
matrizFxT,1,128,3916,16
mmPosix,1,128,5192,16
matrizFxC,1,256,32452,16
matrizFxT,1,256,32708,16
mmPosix,1,256,37909,16
matrizFxC,1,512,459371,16
matrizFxT,1,512,272270,16
mmPosix,1,512,438828,16
matrizFxC,1,1024,5583019,16
matrizFxT,1,1024,2214996,16
mmPosix,1,1024,5114791,16
matrizFxC,2,64,537,16
matrizFxT,2,64,557,16
mmPosix,2,64,1073,16
matrizFxC,2,128,2109,16
matrizFxT,2,128,2206,16
mmPosix,2,128,3083,16
matrizFxC,2,256,16747,16
matrizFxT,2,256,17153,16
mmPosix,2,256,19880,16
matrizFxC,2,512,201600,16
matrizFxT,2,512,136663,16
mmPosix,2,512,207922,16
matrizFxC,2,1024,2726088,16
matrizFxT,2,1024,1114110,16
mmPosix,2,1024,2665979,16
matrizFxC,4,64,455,16
matrizFxT,4,64,399,16
mmPosix,4,64,975,16
matrizFxC,4,128,1427,16
matrizFxT,4,128,1421,16
mmPosix,4,128,1990,16
matrizFxC,4,256,8940,16
matrizFxT,4,256,8998,16
mmPosix,4,256,10832,16
matrizFxC,4,512,99681,16
matrizFxT,4,512,70581,16
mmPosix,4,512,101159,16
matrizFxC,4,1024,1370977,16
matrizFxT,4,1024,576422,16
mmPosix,4,1024,1384835,16
matrizFxC,8,64,424,16
matrizFxT,8,64,546,16
mmPosix,8,64,572,16
matrizFxC,8,128,942,16
matrizFxT,8,128,815,16
mmPosix,8,128,1091,16
matrizFxC,8,256,4837,16
matrizFxT,8,256,4595,16
mmPosix,8,256,5545,16
matrizFxC,8,512,61255,16
matrizFxT,8,512,36743,16
mmPosix,8,512,54060,16
matrizFxC,8,1024,633691,16
matrizFxT,8,1024,302922,16
mmPosix,8,1024,708231,16
matrizFxC,16,64,512,16
matrizFxT,16,64,457,16
mmPosix,16,64,591,16
matrizFxC,16,128,818,16
matrizFxT,16,128,626,16
mmPosix,16,128,755,16
matrizFxC,16,256,2836,16
matrizFxT,16,256,2765,16
mmPosix,16,256,3080,16
matrizFxC,16,512,27318,16
matrizFxT,16,512,19410,16
mmPosix,16,512,27833,16
matrizFxC,16,1024,328330,16
matrizFxT,16,1024,158789,16
mmPosix,16,1024,360452,16
matrizFxC,32,64,680,16
matrizFxT,32,64,654,16
mmPosix,32,64,993,16
matrizFxC,32,128,901,16
matrizFxT,32,128,873,16
mmPosix,32,128,1151,16
matrizFxC,32,256,2727,16
matrizFxT,32,256,2317,16
mmPosix,32,256,2807,16
matrizFxC,32,512,24154,16
matrizFxT,32,512,14553,16
mmPosix,32,512,24267,16
matrizFxC,32,1024,226337,16
matrizFxT,32,1024,103081,16
mmPosix,32,1024,271211,16
matrizFxC,1,64,565,17
matrizFxT,1,64,567,17
mmPosix,1,64,1139,17
matrizFxC,1,128,4116,17
matrizFxT,1,128,3899,17
mmPosix,1,128,5167,17
matrizFxC,1,256,32639,17
matrizFxT,1,256,32622,17
mmPosix,1,256,38157,17
matrizFxC,1,512,526321,17
matrizFxT,1,512,273317,17
mmPosix,1,512,428575,17
matrizFxC,1,1024,5200264,17
matrizFxT,1,1024,2229033,17
mmPosix,1,1024,5230711,17
matrizFxC,2,64,501,17
matrizFxT,2,64,329,17
mmPosix,2,64,952,17
matrizFxC,2,128,2402,17
matrizFxT,2,128,2423,17
mmPosix,2,128,3152,17
matrizFxC,2,256,16739,17
matrizFxT,2,256,16793,17
mmPosix,2,256,19537,17
matrizFxC,2,512,208663,17
matrizFxT,2,512,138870,17
mmPosix,2,512,209176,17
matrizFxC,2,1024,2715033,17
matrizFxT,2,1024,1122515,17
mmPosix,2,1024,2741927,17
matrizFxC,4,64,483,17
matrizFxT,4,64,405,17
mmPosix,4,64,1074,17
matrizFxC,4,128,1488,17
matrizFxT,4,128,1307,17
mmPosix,4,128,1708,17
matrizFxC,4,256,10047,17
matrizFxT,4,256,8571,17
mmPosix,4,256,10620,17
matrizFxC,4,512,97902,17
matrizFxT,4,512,71742,17
mmPosix,4,512,102620,17
matrizFxC,4,1024,1374590,17
matrizFxT,4,1024,575725,17
mmPosix,4,1024,1398074,17
matrizFxC,8,64,384,17
matrizFxT,8,64,554,17
mmPosix,8,64,1365,17
matrizFxC,8,128,924,17
matrizFxT,8,128,883,17
mmPosix,8,128,983,17
matrizFxC,8,256,4927,17
matrizFxT,8,256,4851,17
mmPosix,8,256,5436,17
matrizFxC,8,512,63132,17
matrizFxT,8,512,35746,17
mmPosix,8,512,61270,17
matrizFxC,8,1024,695941,17
matrizFxT,8,1024,304302,17
mmPosix,8,1024,703963,17
matrizFxC,16,64,485,17
matrizFxT,16,64,542,17
mmPosix,16,64,661,17
matrizFxC,16,128,1007,17
matrizFxT,16,128,723,17
mmPosix,16,128,880,17
matrizFxC,16,256,2870,17
matrizFxT,16,256,2874,17
mmPosix,16,256,3146,17
matrizFxC,16,512,32379,17
matrizFxT,16,512,19589,17
mmPosix,16,512,28040,17
matrizFxC,16,1024,361098,17
matrizFxT,16,1024,158873,17
mmPosix,16,1024,360929,17
matrizFxC,32,64,673,17
matrizFxT,32,64,648,17
mmPosix,32,64,960,17
matrizFxC,32,128,908,17
matrizFxT,32,128,877,17
mmPosix,32,128,1130,17
matrizFxC,32,256,2694,17
matrizFxT,32,256,2257,17
mmPosix,32,256,2776,17
matrizFxC,32,512,23265,17
matrizFxT,32,512,13907,17
mmPosix,32,512,24646,17
matrizFxC,32,1024,269324,17
matrizFxT,32,1024,103699,17
mmPosix,32,1024,223744,17
matrizFxC,1,64,580,18
matrizFxT,1,64,591,18
mmPosix,1,64,1139,18
matrizFxC,1,128,4174,18
matrizFxT,1,128,3890,18
mmPosix,1,128,5034,18
matrizFxC,1,256,33006,18
matrizFxT,1,256,33090,18
mmPosix,1,256,37926,18
matrizFxC,1,512,435644,18
matrizFxT,1,512,272946,18
mmPosix,1,512,407039,18
matrizFxC,1,1024,5675153,18
matrizFxT,1,1024,2215648,18
mmPosix,1,1024,5304694,18
matrizFxC,2,64,611,18
matrizFxT,2,64,516,18
mmPosix,2,64,579,18
matrizFxC,2,128,2444,18
matrizFxT,2,128,2247,18
mmPosix,2,128,2941,18
matrizFxC,2,256,17072,18
matrizFxT,2,256,16908,18
mmPosix,2,256,19817,18
matrizFxC,2,512,206523,18
matrizFxT,2,512,138997,18
mmPosix,2,512,204155,18
matrizFxC,2,1024,2590210,18
matrizFxT,2,1024,1122354,18
mmPosix,2,1024,2614446,18
matrizFxC,4,64,407,18
matrizFxT,4,64,407,18
mmPosix,4,64,961,18
matrizFxC,4,128,1381,18
matrizFxT,4,128,1408,18
mmPosix,4,128,2079,18
matrizFxC,4,256,8831,18
matrizFxT,4,256,8673,18
mmPosix,4,256,10455,18
matrizFxC,4,512,104295,18
matrizFxT,4,512,70822,18
mmPosix,4,512,103712,18
matrizFxC,4,1024,1392490,18
matrizFxT,4,1024,572826,18
mmPosix,4,1024,1398504,18
matrizFxC,8,64,378,18
matrizFxT,8,64,406,18
mmPosix,8,64,593,18
matrizFxC,8,128,831,18
matrizFxT,8,128,749,18
mmPosix,8,128,1157,18
matrizFxC,8,256,4903,18
matrizFxT,8,256,4983,18
mmPosix,8,256,5490,18
matrizFxC,8,512,54321,18
matrizFxT,8,512,37127,18
mmPosix,8,512,52234,18
matrizFxC,8,1024,703131,18
matrizFxT,8,1024,301677,18
mmPosix,8,1024,704147,18
matrizFxC,16,64,2092,18
matrizFxT,16,64,480,18
mmPosix,16,64,658,18
matrizFxC,16,128,725,18
matrizFxT,16,128,1113,18
mmPosix,16,128,2150,18
matrizFxC,16,256,3764,18
matrizFxT,16,256,2832,18
mmPosix,16,256,3062,18
matrizFxC,16,512,27198,18
matrizFxT,16,512,19671,18
mmPosix,16,512,27674,18
matrizFxC,16,1024,328441,18
matrizFxT,16,1024,158266,18
mmPosix,16,1024,338247,18
matrizFxC,32,64,1028,18
matrizFxT,32,64,681,18
mmPosix,32,64,1042,18
matrizFxC,32,128,902,18
matrizFxT,32,128,887,18
mmPosix,32,128,1181,18
matrizFxC,32,256,2746,18
matrizFxT,32,256,2327,18
mmPosix,32,256,2800,18
matrizFxC,32,512,24163,18
matrizFxT,32,512,13809,18
mmPosix,32,512,23987,18
matrizFxC,32,1024,253395,18
matrizFxT,32,1024,102966,18
mmPosix,32,1024,276905,18
matrizFxC,1,64,502,19
matrizFxT,1,64,551,19
mmPosix,1,64,888,19
matrizFxC,1,128,4117,19
matrizFxT,1,128,4078,19
mmPosix,1,128,5263,19
matrizFxC,1,256,32687,19
matrizFxT,1,256,33410,19
mmPosix,1,256,38432,19
matrizFxC,1,512,514067,19
matrizFxT,1,512,272671,19
mmPosix,1,512,419396,19
matrizFxC,1,1024,5011269,19
matrizFxT,1,1024,2218634,19
mmPosix,1,1024,5346763,19
matrizFxC,2,64,550,19
matrizFxT,2,64,582,19
mmPosix,2,64,866,19
matrizFxC,2,128,2282,19
matrizFxT,2,128,2275,19
mmPosix,2,128,2956,19
matrizFxC,2,256,17230,19
matrizFxT,2,256,17477,19
mmPosix,2,256,20033,19
matrizFxC,2,512,312108,19
matrizFxT,2,512,140233,19
mmPosix,2,512,205194,19
matrizFxC,2,1024,2597116,19
matrizFxT,2,1024,1121547,19
mmPosix,2,1024,2743226,19
matrizFxC,4,64,388,19
matrizFxT,4,64,402,19
mmPosix,4,64,1275,19
matrizFxC,4,128,1371,19
matrizFxT,4,128,1274,19
mmPosix,4,128,1646,19
matrizFxC,4,256,9078,19
matrizFxT,4,256,9073,19
mmPosix,4,256,10785,19
matrizFxC,4,512,101181,19
matrizFxT,4,512,70705,19
mmPosix,4,512,103507,19
matrizFxC,4,1024,1384415,19
matrizFxT,4,1024,576216,19
mmPosix,4,1024,1397974,19
matrizFxC,8,64,408,19
matrizFxT,8,64,387,19
mmPosix,8,64,631,19
matrizFxC,8,128,951,19
matrizFxT,8,128,933,19
mmPosix,8,128,1082,19
matrizFxC,8,256,4942,19
matrizFxT,8,256,4873,19
mmPosix,8,256,5621,19
matrizFxC,8,512,51068,19
matrizFxT,8,512,37194,19
mmPosix,8,512,52752,19
matrizFxC,8,1024,691695,19
matrizFxT,8,1024,300189,19
mmPosix,8,1024,700968,19
matrizFxC,16,64,555,19
matrizFxT,16,64,566,19
mmPosix,16,64,879,19
matrizFxC,16,128,759,19
matrizFxT,16,128,597,19
mmPosix,16,128,864,19
matrizFxC,16,256,2809,19
matrizFxT,16,256,2610,19
mmPosix,16,256,3151,19
matrizFxC,16,512,27044,19
matrizFxT,16,512,19850,19
mmPosix,16,512,27485,19
matrizFxC,16,1024,360039,19
matrizFxT,16,1024,158554,19
mmPosix,16,1024,361910,19
matrizFxC,32,64,693,19
matrizFxT,32,64,644,19
mmPosix,32,64,992,19
matrizFxC,32,128,882,19
matrizFxT,32,128,851,19
mmPosix,32,128,1190,19
matrizFxC,32,256,2678,19
matrizFxT,32,256,2350,19
mmPosix,32,256,2862,19
matrizFxC,32,512,39049,19
matrizFxT,32,512,13770,19
mmPosix,32,512,24013,19
matrizFxC,32,1024,259386,19
matrizFxT,32,1024,104020,19
mmPosix,32,1024,282996,19
matrizFxC,1,64,593,20
matrizFxT,1,64,560,20
mmPosix,1,64,1118,20
matrizFxC,1,128,4321,20
matrizFxT,1,128,3988,20
mmPosix,1,128,5299,20
matrizFxC,1,256,33160,20
matrizFxT,1,256,33531,20
mmPosix,1,256,38735,20
matrizFxC,1,512,428345,20
matrizFxT,1,512,273285,20
mmPosix,1,512,432389,20
matrizFxC,1,1024,5331514,20
matrizFxT,1,1024,2215469,20
mmPosix,1,1024,5402696,20
matrizFxC,2,64,341,20
matrizFxT,2,64,567,20
mmPosix,2,64,893,20
matrizFxC,2,128,2139,20
matrizFxT,2,128,2093,20
mmPosix,2,128,2698,20
matrizFxC,2,256,16588,20
matrizFxT,2,256,16794,20
mmPosix,2,256,19104,20
matrizFxC,2,512,194124,20
matrizFxT,2,512,137426,20
mmPosix,2,512,208614,20
matrizFxC,2,1024,2635296,20
matrizFxT,2,1024,1117897,20
mmPosix,2,1024,2743092,20
matrizFxC,4,64,395,20
matrizFxT,4,64,281,20
mmPosix,4,64,976,20
matrizFxC,4,128,1339,20
matrizFxT,4,128,1306,20
mmPosix,4,128,1638,20
matrizFxC,4,256,8889,20
matrizFxT,4,256,8704,20
mmPosix,4,256,10435,20
matrizFxC,4,512,101595,20
matrizFxT,4,512,70557,20
mmPosix,4,512,104154,20
matrizFxC,4,1024,1374850,20
matrizFxT,4,1024,572422,20
mmPosix,4,1024,1389041,20
matrizFxC,8,64,400,20
matrizFxT,8,64,665,20
mmPosix,8,64,867,20
matrizFxC,8,128,771,20
matrizFxT,8,128,804,20
mmPosix,8,128,1134,20
matrizFxC,8,256,4754,20
matrizFxT,8,256,5000,20
mmPosix,8,256,5614,20
matrizFxC,8,512,52135,20
matrizFxT,8,512,36251,20
mmPosix,8,512,52688,20
matrizFxC,8,1024,699843,20
matrizFxT,8,1024,301451,20
mmPosix,8,1024,703108,20
matrizFxC,16,64,537,20
matrizFxT,16,64,503,20
mmPosix,16,64,656,20
matrizFxC,16,128,740,20
matrizFxT,16,128,629,20
mmPosix,16,128,771,20
matrizFxC,16,256,2875,20
matrizFxT,16,256,2865,20
mmPosix,16,256,3019,20
matrizFxC,16,512,27369,20
matrizFxT,16,512,19703,20
mmPosix,16,512,27631,20
matrizFxC,16,1024,358565,20
matrizFxT,16,1024,158838,20
mmPosix,16,1024,360430,20
matrizFxC,32,64,699,20
matrizFxT,32,64,670,20
mmPosix,32,64,1034,20
matrizFxC,32,128,904,20
matrizFxT,32,128,870,20
mmPosix,32,128,1234,20
matrizFxC,32,256,2715,20
matrizFxT,32,256,2330,20
mmPosix,32,256,2704,20
matrizFxC,32,512,23967,20
matrizFxT,32,512,13679,20
mmPosix,32,512,23667,20
matrizFxC,32,1024,261678,20
matrizFxT,32,1024,103344,20
mmPosix,32,1024,280304,20
matrizFxC,1,64,536,21
matrizFxT,1,64,566,21
mmPosix,1,64,1092,21
matrizFxC,1,128,4127,21
matrizFxT,1,128,3809,21
mmPosix,1,128,5344,21
matrizFxC,1,256,32754,21
matrizFxT,1,256,32798,21
mmPosix,1,256,37560,21
matrizFxC,1,512,405156,21
matrizFxT,1,512,277279,21
mmPosix,1,512,421945,21
matrizFxC,1,1024,5271938,21
matrizFxT,1,1024,2229239,21
mmPosix,1,1024,5540286,21
matrizFxC,2,64,550,21
matrizFxT,2,64,483,21
mmPosix,2,64,996,21
matrizFxC,2,128,2153,21
matrizFxT,2,128,2183,21
mmPosix,2,128,3172,21
matrizFxC,2,256,16797,21
matrizFxT,2,256,16854,21
mmPosix,2,256,19806,21
matrizFxC,2,512,188761,21
matrizFxT,2,512,137175,21
mmPosix,2,512,197641,21
matrizFxC,2,1024,2701152,21
matrizFxT,2,1024,1113088,21
mmPosix,2,1024,2717726,21
matrizFxC,4,64,387,21
matrizFxT,4,64,375,21
mmPosix,4,64,897,21
matrizFxC,4,128,1334,21
matrizFxT,4,128,1440,21
mmPosix,4,128,1703,21
matrizFxC,4,256,9002,21
matrizFxT,4,256,9347,21
mmPosix,4,256,10887,21
matrizFxC,4,512,95526,21
matrizFxT,4,512,69200,21
mmPosix,4,512,102746,21
matrizFxC,4,1024,1371112,21
matrizFxT,4,1024,568634,21
mmPosix,4,1024,1379719,21
matrizFxC,8,64,434,21
matrizFxT,8,64,370,21
mmPosix,8,64,1391,21
matrizFxC,8,128,773,21
matrizFxT,8,128,1061,21
mmPosix,8,128,1219,21
matrizFxC,8,256,4754,21
matrizFxT,8,256,4685,21
mmPosix,8,256,5712,21
matrizFxC,8,512,50367,21
matrizFxT,8,512,36004,21
mmPosix,8,512,52959,21
matrizFxC,8,1024,694147,21
matrizFxT,8,1024,302553,21
mmPosix,8,1024,704367,21
matrizFxC,16,64,465,21
matrizFxT,16,64,456,21
mmPosix,16,64,618,21
matrizFxC,16,128,763,21
matrizFxT,16,128,620,21
mmPosix,16,128,781,21
matrizFxC,16,256,2733,21
matrizFxT,16,256,2804,21
mmPosix,16,256,3028,21
matrizFxC,16,512,27344,21
matrizFxT,16,512,20129,21
mmPosix,16,512,27436,21
matrizFxC,16,1024,327930,21
matrizFxT,16,1024,159449,21
mmPosix,16,1024,354024,21
matrizFxC,32,64,685,21
matrizFxT,32,64,695,21
mmPosix,32,64,995,21
matrizFxC,32,128,913,21
matrizFxT,32,128,855,21
mmPosix,32,128,1227,21
matrizFxC,32,256,2747,21
matrizFxT,32,256,2340,21
mmPosix,32,256,2849,21
matrizFxC,32,512,22766,21
matrizFxT,32,512,13596,21
mmPosix,32,512,23772,21
matrizFxC,32,1024,258232,21
matrizFxT,32,1024,103271,21
mmPosix,32,1024,230634,21
matrizFxC,1,64,557,22
matrizFxT,1,64,578,22
mmPosix,1,64,813,22
matrizFxC,1,128,4118,22
matrizFxT,1,128,3911,22
mmPosix,1,128,5092,22
matrizFxC,1,256,32479,22
matrizFxT,1,256,32997,22
mmPosix,1,256,37688,22
matrizFxC,1,512,396135,22
matrizFxT,1,512,272688,22
mmPosix,1,512,408665,22
matrizFxC,1,1024,5370777,22
matrizFxT,1,1024,2227583,22
mmPosix,1,1024,5479837,22
matrizFxC,2,64,508,22
matrizFxT,2,64,544,22
mmPosix,2,64,844,22
matrizFxC,2,128,2452,22
matrizFxT,2,128,2175,22
mmPosix,2,128,2790,22
matrizFxC,2,256,16829,22
matrizFxT,2,256,16902,22
mmPosix,2,256,19524,22
matrizFxC,2,512,233855,22
matrizFxT,2,512,138709,22
mmPosix,2,512,208514,22
matrizFxC,2,1024,2709903,22
matrizFxT,2,1024,1122564,22
mmPosix,2,1024,2477336,22
matrizFxC,4,64,439,22
matrizFxT,4,64,372,22
mmPosix,4,64,516,22
matrizFxC,4,128,1398,22
matrizFxT,4,128,1283,22
mmPosix,4,128,1646,22
matrizFxC,4,256,8991,22
matrizFxT,4,256,8873,22
mmPosix,4,256,10029,22
matrizFxC,4,512,93291,22
matrizFxT,4,512,70438,22
mmPosix,4,512,104461,22
matrizFxC,4,1024,1378747,22
matrizFxT,4,1024,573484,22
mmPosix,4,1024,1390724,22
matrizFxC,8,64,526,22
matrizFxT,8,64,359,22
mmPosix,8,64,1390,22
matrizFxC,8,128,910,22
matrizFxT,8,128,866,22
mmPosix,8,128,1271,22
matrizFxC,8,256,4741,22
matrizFxT,8,256,4745,22
mmPosix,8,256,6479,22
matrizFxC,8,512,50302,22
matrizFxT,8,512,37128,22
mmPosix,8,512,53219,22
matrizFxC,8,1024,700210,22
matrizFxT,8,1024,304348,22
mmPosix,8,1024,701776,22
matrizFxC,16,64,729,22
matrizFxT,16,64,339,22
mmPosix,16,64,1131,22
matrizFxC,16,128,845,22
matrizFxT,16,128,710,22
mmPosix,16,128,786,22
matrizFxC,16,256,2646,22
matrizFxT,16,256,2713,22
mmPosix,16,256,3200,22
matrizFxC,16,512,26843,22
matrizFxT,16,512,19299,22
mmPosix,16,512,27277,22
matrizFxC,16,1024,370476,22
matrizFxT,16,1024,158418,22
mmPosix,16,1024,333611,22
matrizFxC,32,64,640,22
matrizFxT,32,64,624,22
mmPosix,32,64,1012,22
matrizFxC,32,128,891,22
matrizFxT,32,128,825,22
mmPosix,32,128,1212,22
matrizFxC,32,256,2744,22
matrizFxT,32,256,2302,22
mmPosix,32,256,2744,22
matrizFxC,32,512,29976,22
matrizFxT,32,512,13565,22
mmPosix,32,512,23683,22
matrizFxC,32,1024,270274,22
matrizFxT,32,1024,103114,22
mmPosix,32,1024,233579,22
matrizFxC,1,64,556,23
matrizFxT,1,64,561,23
mmPosix,1,64,1125,23
matrizFxC,1,128,4216,23
matrizFxT,1,128,3951,23
mmPosix,1,128,5254,23
matrizFxC,1,256,32506,23
matrizFxT,1,256,32747,23
mmPosix,1,256,37602,23
matrizFxC,1,512,443904,23
matrizFxT,1,512,273488,23
mmPosix,1,512,435179,23
matrizFxC,1,1024,5388486,23
matrizFxT,1,1024,2210826,23
mmPosix,1,1024,5257320,23
matrizFxC,2,64,510,23
matrizFxT,2,64,471,23
mmPosix,2,64,907,23
matrizFxC,2,128,2346,23
matrizFxT,2,128,2160,23
mmPosix,2,128,2996,23
matrizFxC,2,256,17041,23
matrizFxT,2,256,17071,23
mmPosix,2,256,19563,23
matrizFxC,2,512,201016,23
matrizFxT,2,512,136299,23
mmPosix,2,512,208447,23
matrizFxC,2,1024,2769197,23
matrizFxT,2,1024,1112738,23
mmPosix,2,1024,2685088,23
matrizFxC,4,64,410,23
matrizFxT,4,64,529,23
mmPosix,4,64,686,23
matrizFxC,4,128,1378,23
matrizFxT,4,128,1343,23
mmPosix,4,128,1739,23
matrizFxC,4,256,9038,23
matrizFxT,4,256,8873,23
mmPosix,4,256,10606,23
matrizFxC,4,512,98483,23
matrizFxT,4,512,71255,23
mmPosix,4,512,101901,23
matrizFxC,4,1024,1391440,23
matrizFxT,4,1024,576569,23
mmPosix,4,1024,1389081,23
matrizFxC,8,64,354,23
matrizFxT,8,64,351,23
mmPosix,8,64,681,23
matrizFxC,8,128,771,23
matrizFxT,8,128,864,23
mmPosix,8,128,1006,23
matrizFxC,8,256,4815,23
matrizFxT,8,256,4746,23
mmPosix,8,256,5595,23
matrizFxC,8,512,53610,23
matrizFxT,8,512,36459,23
mmPosix,8,512,53878,23
matrizFxC,8,1024,697260,23
matrizFxT,8,1024,300316,23
mmPosix,8,1024,663305,23
matrizFxC,16,64,482,23
matrizFxT,16,64,564,23
mmPosix,16,64,643,23
matrizFxC,16,128,689,23
matrizFxT,16,128,633,23
mmPosix,16,128,869,23
matrizFxC,16,256,2880,23
matrizFxT,16,256,2855,23
mmPosix,16,256,3190,23
matrizFxC,16,512,32154,23
matrizFxT,16,512,19424,23
mmPosix,16,512,26851,23
matrizFxC,16,1024,328423,23
matrizFxT,16,1024,158997,23
mmPosix,16,1024,349831,23
matrizFxC,32,64,865,23
matrizFxT,32,64,704,23
mmPosix,32,64,1092,23
matrizFxC,32,128,884,23
matrizFxT,32,128,878,23
mmPosix,32,128,1212,23
matrizFxC,32,256,2759,23
matrizFxT,32,256,2296,23
mmPosix,32,256,2733,23
matrizFxC,32,512,24204,23
matrizFxT,32,512,13756,23
mmPosix,32,512,23635,23
matrizFxC,32,1024,219335,23
matrizFxT,32,1024,102248,23
mmPosix,32,1024,269929,23
matrizFxC,1,64,536,24
matrizFxT,1,64,563,24
mmPosix,1,64,887,24
matrizFxC,1,128,4048,24
matrizFxT,1,128,3871,24
mmPosix,1,128,5304,24
matrizFxC,1,256,32512,24
matrizFxT,1,256,32953,24
mmPosix,1,256,38696,24
matrizFxC,1,512,401275,24
matrizFxT,1,512,270432,24
mmPosix,1,512,427856,24
matrizFxC,1,1024,4901873,24
matrizFxT,1,1024,2204641,24
mmPosix,1,1024,5351361,24
matrizFxC,2,64,489,24
matrizFxT,2,64,481,24
mmPosix,2,64,587,24
matrizFxC,2,128,2378,24
matrizFxT,2,128,2067,24
mmPosix,2,128,2818,24
matrizFxC,2,256,16655,24
matrizFxT,2,256,16683,24
mmPosix,2,256,19593,24
matrizFxC,2,512,209775,24
matrizFxT,2,512,137419,24
mmPosix,2,512,212920,24
matrizFxC,2,1024,2773217,24
matrizFxT,2,1024,1128394,24
mmPosix,2,1024,2763412,24
matrizFxC,4,64,392,24
matrizFxT,4,64,411,24
mmPosix,4,64,1283,24
matrizFxC,4,128,1424,24
matrizFxT,4,128,1175,24
mmPosix,4,128,1641,24
matrizFxC,4,256,8860,24
matrizFxT,4,256,8918,24
mmPosix,4,256,10658,24
matrizFxC,4,512,100519,24
matrizFxT,4,512,70597,24
mmPosix,4,512,104087,24
matrizFxC,4,1024,1390065,24
matrizFxT,4,1024,575050,24
mmPosix,4,1024,1398946,24
matrizFxC,8,64,424,24
matrizFxT,8,64,379,24
mmPosix,8,64,549,24
matrizFxC,8,128,862,24
matrizFxT,8,128,787,24
mmPosix,8,128,1101,24
matrizFxC,8,256,4817,24
matrizFxT,8,256,4763,24
mmPosix,8,256,6282,24
matrizFxC,8,512,52171,24
matrizFxT,8,512,37225,24
mmPosix,8,512,55986,24
matrizFxC,8,1024,688276,24
matrizFxT,8,1024,304556,24
mmPosix,8,1024,655416,24
matrizFxC,16,64,631,24
matrizFxT,16,64,453,24
mmPosix,16,64,1062,24
matrizFxC,16,128,811,24
matrizFxT,16,128,661,24
mmPosix,16,128,817,24
matrizFxC,16,256,2956,24
matrizFxT,16,256,2802,24
mmPosix,16,256,3020,24
matrizFxC,16,512,27975,24
matrizFxT,16,512,19372,24
mmPosix,16,512,27970,24
matrizFxC,16,1024,357042,24
matrizFxT,16,1024,158721,24
mmPosix,16,1024,325229,24
matrizFxC,32,64,686,24
matrizFxT,32,64,686,24
mmPosix,32,64,991,24
matrizFxC,32,128,910,24
matrizFxT,32,128,877,24
mmPosix,32,128,1133,24
matrizFxC,32,256,2713,24
matrizFxT,32,256,2292,24
mmPosix,32,256,2748,24
matrizFxC,32,512,23570,24
matrizFxT,32,512,13767,24
mmPosix,32,512,23476,24
matrizFxC,32,1024,250211,24
matrizFxT,32,1024,102895,24
mmPosix,32,1024,261121,24
matrizFxC,1,64,575,25
matrizFxT,1,64,552,25
mmPosix,1,64,1188,25
matrizFxC,1,128,4098,25
matrizFxT,1,128,3887,25
mmPosix,1,128,5209,25
matrizFxC,1,256,32577,25
matrizFxT,1,256,33156,25
mmPosix,1,256,37856,25
matrizFxC,1,512,468605,25
matrizFxT,1,512,271152,25
mmPosix,1,512,421341,25
matrizFxC,1,1024,5297049,25
matrizFxT,1,1024,2220400,25
mmPosix,1,1024,5312322,25
matrizFxC,2,64,608,25
matrizFxT,2,64,514,25
mmPosix,2,64,866,25
matrizFxC,2,128,2289,25
matrizFxT,2,128,2263,25
mmPosix,2,128,2798,25
matrizFxC,2,256,16827,25
matrizFxT,2,256,17048,25
mmPosix,2,256,19623,25
matrizFxC,2,512,219958,25
matrizFxT,2,512,136404,25
mmPosix,2,512,206943,25
matrizFxC,2,1024,2646985,25
matrizFxT,2,1024,1115672,25
mmPosix,2,1024,2677379,25
matrizFxC,4,64,454,25
matrizFxT,4,64,427,25
mmPosix,4,64,895,25
matrizFxC,4,128,1367,25
matrizFxT,4,128,1410,25
mmPosix,4,128,1795,25
matrizFxC,4,256,9017,25
matrizFxT,4,256,8786,25
mmPosix,4,256,10601,25
matrizFxC,4,512,102978,25
matrizFxT,4,512,69895,25
mmPosix,4,512,124659,25
matrizFxC,4,1024,1360851,25
matrizFxT,4,1024,577165,25
mmPosix,4,1024,1377574,25
matrizFxC,8,64,395,25
matrizFxT,8,64,354,25
mmPosix,8,64,573,25
matrizFxC,8,128,795,25
matrizFxT,8,128,756,25
mmPosix,8,128,1166,25
matrizFxC,8,256,4822,25
matrizFxT,8,256,4824,25
mmPosix,8,256,5487,25
matrizFxC,8,512,52170,25
matrizFxT,8,512,36871,25
mmPosix,8,512,54374,25
matrizFxC,8,1024,682572,25
matrizFxT,8,1024,301766,25
mmPosix,8,1024,701831,25
matrizFxC,16,64,448,25
matrizFxT,16,64,477,25
mmPosix,16,64,692,25
matrizFxC,16,128,722,25
matrizFxT,16,128,735,25
mmPosix,16,128,778,25
matrizFxC,16,256,2854,25
matrizFxT,16,256,3004,25
mmPosix,16,256,3077,25
matrizFxC,16,512,26709,25
matrizFxT,16,512,20002,25
mmPosix,16,512,28020,25
matrizFxC,16,1024,340648,25
matrizFxT,16,1024,156790,25
mmPosix,16,1024,328313,25
matrizFxC,32,64,689,25
matrizFxT,32,64,613,25
mmPosix,32,64,1060,25
matrizFxC,32,128,903,25
matrizFxT,32,128,850,25
mmPosix,32,128,1123,25
matrizFxC,32,256,2763,25
matrizFxT,32,256,2285,25
mmPosix,32,256,2764,25
matrizFxC,32,512,26417,25
matrizFxT,32,512,13770,25
mmPosix,32,512,24681,25
matrizFxC,32,1024,225722,25
matrizFxT,32,1024,102819,25
mmPosix,32,1024,267661,25
matrizFxC,1,64,566,26
matrizFxT,1,64,587,26
mmPosix,1,64,1011,26
matrizFxC,1,128,4065,26
matrizFxT,1,128,3844,26
mmPosix,1,128,5132,26
matrizFxC,1,256,32344,26
matrizFxT,1,256,32894,26
mmPosix,1,256,37848,26
matrizFxC,1,512,436256,26
matrizFxT,1,512,271900,26
mmPosix,1,512,411274,26
matrizFxC,1,1024,5423295,26
matrizFxT,1,1024,2219593,26
mmPosix,1,1024,5461580,26
matrizFxC,2,64,512,26
matrizFxT,2,64,352,26
mmPosix,2,64,973,26
matrizFxC,2,128,2437,26
matrizFxT,2,128,2561,26
mmPosix,2,128,2825,26
matrizFxC,2,256,16814,26
matrizFxT,2,256,16854,26
mmPosix,2,256,19602,26
matrizFxC,2,512,245845,26
matrizFxT,2,512,137381,26
mmPosix,2,512,214959,26
matrizFxC,2,1024,2697037,26
matrizFxT,2,1024,1119656,26
mmPosix,2,1024,2596489,26
matrizFxC,4,64,395,26
matrizFxT,4,64,606,26
mmPosix,4,64,1087,26
matrizFxC,4,128,1430,26
matrizFxT,4,128,1338,26
mmPosix,4,128,1583,26
matrizFxC,4,256,9232,26
matrizFxT,4,256,9028,26
mmPosix,4,256,10357,26
matrizFxC,4,512,114190,26
matrizFxT,4,512,71106,26
mmPosix,4,512,105057,26
matrizFxC,4,1024,1321193,26
matrizFxT,4,1024,577217,26
mmPosix,4,1024,1363016,26
matrizFxC,8,64,384,26
matrizFxT,8,64,397,26
mmPosix,8,64,865,26
matrizFxC,8,128,899,26
matrizFxT,8,128,865,26
mmPosix,8,128,1259,26
matrizFxC,8,256,4835,26
matrizFxT,8,256,5026,26
mmPosix,8,256,6019,26
matrizFxC,8,512,55034,26
matrizFxT,8,512,36880,26
mmPosix,8,512,52738,26
matrizFxC,8,1024,702328,26
matrizFxT,8,1024,304150,26
mmPosix,8,1024,706826,26
matrizFxC,16,64,466,26
matrizFxT,16,64,566,26
mmPosix,16,64,851,26
matrizFxC,16,128,805,26
matrizFxT,16,128,766,26
mmPosix,16,128,860,26
matrizFxC,16,256,2670,26
matrizFxT,16,256,2821,26
mmPosix,16,256,3034,26
matrizFxC,16,512,27449,26
matrizFxT,16,512,19806,26
mmPosix,16,512,28033,26
matrizFxC,16,1024,355885,26
matrizFxT,16,1024,159318,26
mmPosix,16,1024,357592,26
matrizFxC,32,64,667,26
matrizFxT,32,64,621,26
mmPosix,32,64,1048,26
matrizFxC,32,128,908,26
matrizFxT,32,128,883,26
mmPosix,32,128,1151,26
matrizFxC,32,256,2753,26
matrizFxT,32,256,2343,26
mmPosix,32,256,2834,26
matrizFxC,32,512,23760,26
matrizFxT,32,512,13577,26
mmPosix,32,512,23688,26
matrizFxC,32,1024,265502,26
matrizFxT,32,1024,103425,26
mmPosix,32,1024,233506,26
matrizFxC,1,64,567,27
matrizFxT,1,64,569,27
mmPosix,1,64,1141,27
matrizFxC,1,128,4136,27
matrizFxT,1,128,3755,27
mmPosix,1,128,5282,27
matrizFxC,1,256,32728,27
matrizFxT,1,256,32815,27
mmPosix,1,256,37632,27
matrizFxC,1,512,574066,27
matrizFxT,1,512,271803,27
mmPosix,1,512,419051,27
matrizFxC,1,1024,5230281,27
matrizFxT,1,1024,2227737,27
mmPosix,1,1024,5357363,27
matrizFxC,2,64,501,27
matrizFxT,2,64,687,27
mmPosix,2,64,922,27
matrizFxC,2,128,2360,27
matrizFxT,2,128,2287,27
mmPosix,2,128,3014,27
matrizFxC,2,256,16752,27
matrizFxT,2,256,16651,27
mmPosix,2,256,19589,27
matrizFxC,2,512,206167,27
matrizFxT,2,512,136774,27
mmPosix,2,512,204446,27
matrizFxC,2,1024,2614608,27
matrizFxT,2,1024,1121308,27
mmPosix,2,1024,2647851,27
matrizFxC,4,64,411,27
matrizFxT,4,64,502,27
mmPosix,4,64,477,27
matrizFxC,4,128,1484,27
matrizFxT,4,128,1374,27
mmPosix,4,128,1655,27
matrizFxC,4,256,9138,27
matrizFxT,4,256,8790,27
mmPosix,4,256,10577,27
matrizFxC,4,512,96217,27
matrizFxT,4,512,70187,27
mmPosix,4,512,101686,27
matrizFxC,4,1024,1389424,27
matrizFxT,4,1024,573730,27
mmPosix,4,1024,1398460,27
matrizFxC,8,64,412,27
matrizFxT,8,64,426,27
mmPosix,8,64,439,27
matrizFxC,8,128,998,27
matrizFxT,8,128,910,27
mmPosix,8,128,1216,27
matrizFxC,8,256,4860,27
matrizFxT,8,256,4835,27
mmPosix,8,256,6823,27
matrizFxC,8,512,51674,27
matrizFxT,8,512,35911,27
mmPosix,8,512,53686,27
matrizFxC,8,1024,704543,27
matrizFxT,8,1024,303931,27
mmPosix,8,1024,703799,27
matrizFxC,16,64,517,27
matrizFxT,16,64,462,27
mmPosix,16,64,617,27
matrizFxC,16,128,803,27
matrizFxT,16,128,863,27
mmPosix,16,128,909,27
matrizFxC,16,256,2887,27
matrizFxT,16,256,2937,27
mmPosix,16,256,3170,27
matrizFxC,16,512,28970,27
matrizFxT,16,512,19713,27
mmPosix,16,512,27746,27
matrizFxC,16,1024,357920,27
matrizFxT,16,1024,157573,27
mmPosix,16,1024,326447,27
matrizFxC,32,64,657,27
matrizFxT,32,64,686,27
mmPosix,32,64,1089,27
matrizFxC,32,128,910,27
matrizFxT,32,128,897,27
mmPosix,32,128,1201,27
matrizFxC,32,256,2723,27
matrizFxT,32,256,2302,27
mmPosix,32,256,2733,27
matrizFxC,32,512,23958,27
matrizFxT,32,512,13666,27
mmPosix,32,512,24204,27
matrizFxC,32,1024,263299,27
matrizFxT,32,1024,103130,27
mmPosix,32,1024,267213,27
matrizFxC,1,64,566,28
matrizFxT,1,64,564,28
mmPosix,1,64,1028,28
matrizFxC,1,128,4227,28
matrizFxT,1,128,3881,28
mmPosix,1,128,5223,28
matrizFxC,1,256,32589,28
matrizFxT,1,256,32921,28
mmPosix,1,256,37857,28
matrizFxC,1,512,510633,28
matrizFxT,1,512,270715,28
mmPosix,1,512,416701,28
matrizFxC,1,1024,5291755,28
matrizFxT,1,1024,2232480,28
mmPosix,1,1024,5393454,28
matrizFxC,2,64,501,28
matrizFxT,2,64,450,28
mmPosix,2,64,835,28
matrizFxC,2,128,2296,28
matrizFxT,2,128,2277,28
mmPosix,2,128,3140,28
matrizFxC,2,256,16767,28
matrizFxT,2,256,17201,28
mmPosix,2,256,19884,28
matrizFxC,2,512,190918,28
matrizFxT,2,512,136137,28
mmPosix,2,512,208076,28
matrizFxC,2,1024,2745731,28
matrizFxT,2,1024,1123696,28
mmPosix,2,1024,2758829,28
matrizFxC,4,64,398,28
matrizFxT,4,64,466,28
mmPosix,4,64,1087,28
matrizFxC,4,128,1329,28
matrizFxT,4,128,1289,28
mmPosix,4,128,1607,28
matrizFxC,4,256,8813,28
matrizFxT,4,256,9106,28
mmPosix,4,256,10819,28
matrizFxC,4,512,103991,28
matrizFxT,4,512,74668,28
mmPosix,4,512,102040,28
matrizFxC,4,1024,1376695,28
matrizFxT,4,1024,581105,28
mmPosix,4,1024,1388811,28
matrizFxC,8,64,439,28
matrizFxT,8,64,266,28
mmPosix,8,64,642,28
matrizFxC,8,128,1026,28
matrizFxT,8,128,891,28
mmPosix,8,128,1164,28
matrizFxC,8,256,4905,28
matrizFxT,8,256,4815,28
mmPosix,8,256,5652,28
matrizFxC,8,512,50715,28
matrizFxT,8,512,35807,28
mmPosix,8,512,51841,28
matrizFxC,8,1024,702056,28
matrizFxT,8,1024,305565,28
mmPosix,8,1024,663061,28
matrizFxC,16,64,485,28
matrizFxT,16,64,507,28
mmPosix,16,64,630,28
matrizFxC,16,128,723,28
matrizFxT,16,128,610,28
mmPosix,16,128,939,28
matrizFxC,16,256,2830,28
matrizFxT,16,256,2706,28
mmPosix,16,256,3056,28
matrizFxC,16,512,26720,28
matrizFxT,16,512,19915,28
mmPosix,16,512,28021,28
matrizFxC,16,1024,321375,28
matrizFxT,16,1024,166327,28
mmPosix,16,1024,360101,28
matrizFxC,32,64,664,28
matrizFxT,32,64,607,28
mmPosix,32,64,993,28
matrizFxC,32,128,925,28
matrizFxT,32,128,829,28
mmPosix,32,128,1163,28
matrizFxC,32,256,2746,28
matrizFxT,32,256,2300,28
mmPosix,32,256,2860,28
matrizFxC,32,512,23829,28
matrizFxT,32,512,13815,28
mmPosix,32,512,23752,28
matrizFxC,32,1024,222939,28
matrizFxT,32,1024,103168,28
mmPosix,32,1024,230813,28
matrizFxC,1,64,587,29
matrizFxT,1,64,584,29
mmPosix,1,64,1053,29
matrizFxC,1,128,4230,29
matrizFxT,1,128,3786,29
mmPosix,1,128,5221,29
matrizFxC,1,256,32612,29
matrizFxT,1,256,33321,29
mmPosix,1,256,38173,29
matrizFxC,1,512,404392,29
matrizFxT,1,512,274650,29
mmPosix,1,512,408897,29
matrizFxC,1,1024,5388997,29
matrizFxT,1,1024,2244922,29
mmPosix,1,1024,5367890,29
matrizFxC,2,64,498,29
matrizFxT,2,64,495,29
mmPosix,2,64,752,29
matrizFxC,2,128,2344,29
matrizFxT,2,128,2334,29
mmPosix,2,128,2901,29
matrizFxC,2,256,16971,29
matrizFxT,2,256,16782,29
mmPosix,2,256,19645,29
matrizFxC,2,512,206224,29
matrizFxT,2,512,136603,29
mmPosix,2,512,206971,29
matrizFxC,2,1024,2773248,29
matrizFxT,2,1024,1123415,29
mmPosix,2,1024,2779396,29
matrizFxC,4,64,396,29
matrizFxT,4,64,432,29
mmPosix,4,64,510,29
matrizFxC,4,128,1370,29
matrizFxT,4,128,1340,29
mmPosix,4,128,2016,29
matrizFxC,4,256,9229,29
matrizFxT,4,256,8938,29
mmPosix,4,256,10589,29
matrizFxC,4,512,99585,29
matrizFxT,4,512,70651,29
mmPosix,4,512,103852,29
matrizFxC,4,1024,1390247,29
matrizFxT,4,1024,577839,29
mmPosix,4,1024,1399934,29
matrizFxC,8,64,410,29
matrizFxT,8,64,362,29
mmPosix,8,64,453,29
matrizFxC,8,128,900,29
matrizFxT,8,128,1035,29
mmPosix,8,128,1414,29
matrizFxC,8,256,4960,29
matrizFxT,8,256,4885,29
mmPosix,8,256,6288,29
matrizFxC,8,512,49854,29
matrizFxT,8,512,36472,29
mmPosix,8,512,53472,29
matrizFxC,8,1024,633533,29
matrizFxT,8,1024,300279,29
mmPosix,8,1024,701635,29
matrizFxC,16,64,468,29
matrizFxT,16,64,457,29
mmPosix,16,64,657,29
matrizFxC,16,128,794,29
matrizFxT,16,128,740,29
mmPosix,16,128,863,29
matrizFxC,16,256,2855,29
matrizFxT,16,256,2913,29
mmPosix,16,256,3431,29
matrizFxC,16,512,28333,29
matrizFxT,16,512,19428,29
mmPosix,16,512,28794,29
matrizFxC,16,1024,339517,29
matrizFxT,16,1024,158543,29
mmPosix,16,1024,342424,29
matrizFxC,32,64,683,29
matrizFxT,32,64,679,29
mmPosix,32,64,1099,29
matrizFxC,32,128,912,29
matrizFxT,32,128,905,29
mmPosix,32,128,1137,29
matrizFxC,32,256,2730,29
matrizFxT,32,256,2315,29
mmPosix,32,256,2760,29
matrizFxC,32,512,25838,29
matrizFxT,32,512,13747,29
mmPosix,32,512,24378,29
matrizFxC,32,1024,291441,29
matrizFxT,32,1024,103939,29
mmPosix,32,1024,261933,29
matrizFxC,1,64,574,30
matrizFxT,1,64,571,30
mmPosix,1,64,1190,30
matrizFxC,1,128,4122,30
matrizFxT,1,128,3917,30
mmPosix,1,128,5214,30
matrizFxC,1,256,33247,30
matrizFxT,1,256,33205,30
mmPosix,1,256,38206,30
matrizFxC,1,512,422332,30
matrizFxT,1,512,274114,30
mmPosix,1,512,414443,30
matrizFxC,1,1024,5687763,30
matrizFxT,1,1024,2245849,30
mmPosix,1,1024,5368077,30
matrizFxC,2,64,443,30
matrizFxT,2,64,517,30
mmPosix,2,64,724,30
matrizFxC,2,128,2347,30
matrizFxT,2,128,2085,30
mmPosix,2,128,3175,30
matrizFxC,2,256,16647,30
matrizFxT,2,256,16668,30
mmPosix,2,256,19357,30
matrizFxC,2,512,202631,30
matrizFxT,2,512,140229,30
mmPosix,2,512,202268,30
matrizFxC,2,1024,2734458,30
matrizFxT,2,1024,1124359,30
mmPosix,2,1024,2601388,30
matrizFxC,4,64,455,30
matrizFxT,4,64,364,30
mmPosix,4,64,970,30
matrizFxC,4,128,1366,30
matrizFxT,4,128,1428,30
mmPosix,4,128,1679,30
matrizFxC,4,256,8948,30
matrizFxT,4,256,9056,30
mmPosix,4,256,10471,30
matrizFxC,4,512,100879,30
matrizFxT,4,512,69366,30
mmPosix,4,512,103469,30
matrizFxC,4,1024,1374706,30
matrizFxT,4,1024,581675,30
mmPosix,4,1024,1391648,30
matrizFxC,8,64,290,30
matrizFxT,8,64,508,30
mmPosix,8,64,1027,30
matrizFxC,8,128,845,30
matrizFxT,8,128,1014,30
mmPosix,8,128,1044,30
matrizFxC,8,256,4910,30
matrizFxT,8,256,4896,30
mmPosix,8,256,5595,30
matrizFxC,8,512,50937,30
matrizFxT,8,512,37549,30
mmPosix,8,512,52294,30
matrizFxC,8,1024,702290,30
matrizFxT,8,1024,304020,30
mmPosix,8,1024,705243,30
matrizFxC,16,64,511,30
matrizFxT,16,64,347,30
mmPosix,16,64,608,30
matrizFxC,16,128,640,30
matrizFxT,16,128,639,30
mmPosix,16,128,831,30
matrizFxC,16,256,2755,30
matrizFxT,16,256,2729,30
mmPosix,16,256,3177,30
matrizFxC,16,512,26910,30
matrizFxT,16,512,19323,30
mmPosix,16,512,27505,30
matrizFxC,16,1024,359544,30
matrizFxT,16,1024,160312,30
mmPosix,16,1024,345851,30
matrizFxC,32,64,682,30
matrizFxT,32,64,651,30
mmPosix,32,64,1010,30
matrizFxC,32,128,878,30
matrizFxT,32,128,860,30
mmPosix,32,128,1198,30
matrizFxC,32,256,2839,30
matrizFxT,32,256,2329,30
mmPosix,32,256,2794,30
matrizFxC,32,512,23774,30
matrizFxT,32,512,13630,30
mmPosix,32,512,24241,30
matrizFxC,32,1024,217555,30
matrizFxT,32,1024,103271,30
mmPosix,32,1024,266729,30
